"Time","PKG","DRAM","OTHER","GPU"
2025-03-01 17:01:47,0.0391,0,0.734,0
2025-03-01 17:01:48,0.0391,0,0.734,0
2025-03-01 17:01:49,0.0391,0,0.734,0
2025-03-01 17:01:50,0.0391,0,0.734,0
2025-03-01 17:01:51,0.0391,0,0.734,0
2025-03-01 17:01:52,0.0391,0,0.734,0
2025-03-01 17:01:53,0.0391,0,0.734,0
2025-03-01 17:01:54,0.0391,0,0.734,0
2025-03-01 17:01:55,0.208,0,1.74,0
2025-03-01 17:01:56,0.208,0,1.74,0
2025-03-01 17:01:57,0.208,0,1.74,0
2025-03-01 17:01:58,0.208,0,1.74,0
2025-03-01 17:01:59,0.208,0,1.74,0
2025-03-01 17:02:00,0.208,0,1.74,0
2025-03-01 17:02:01,0.208,0,1.74,0
2025-03-01 17:02:02,0.208,0,1.74,0
2025-03-01 17:02:03,0.208,0,1.74,0
2025-03-01 17:02:04,0.208,0,1.74,0
2025-03-01 17:02:05,0.208,0,1.74,0
2025-03-01 17:02:06,0.208,0,1.74,0
2025-03-01 17:02:07,0.208,0,1.74,0
2025-03-01 17:02:08,0.208,0,1.74,0
2025-03-01 17:02:09,0.208,0,1.74,0
2025-03-01 17:02:10,0.208,0,1.74,0
2025-03-01 17:02:11,0.208,0,1.74,0
2025-03-01 17:02:12,0.208,0,1.74,0
2025-03-01 17:02:13,0.208,0,1.74,0
2025-03-01 17:02:14,0.208,0,1.74,0
2025-03-01 17:02:15,0.208,0,1.74,0
2025-03-01 17:02:16,0.208,0,1.74,0
2025-03-01 17:02:17,0.208,0,1.74,0
2025-03-01 17:02:18,0.208,0,1.74,0
2025-03-01 17:02:19,0.208,0,1.74,0
2025-03-01 17:02:20,0.208,0,1.74,0
2025-03-01 17:02:21,0.208,0,1.74,0
2025-03-01 17:02:22,0.208,0,1.74,0
2025-03-01 17:02:23,0.208,0,1.74,0
2025-03-01 17:02:24,0.208,0,1.74,0
2025-03-01 17:02:25,0.951,0,6.11,0
2025-03-01 17:02:26,0.951,0,6.11,0
2025-03-01 17:02:27,0.951,0,6.11,0
2025-03-01 17:02:28,0.951,0,6.11,0
2025-03-01 17:02:29,0.951,0,6.11,0
2025-03-01 17:02:30,0.951,0,6.11,0
2025-03-01 17:02:31,0.951,0,6.11,0
2025-03-01 17:02:32,0.951,0,6.11,0
2025-03-01 17:02:33,0.951,0,6.11,0
2025-03-01 17:02:34,0.951,0,6.11,0
2025-03-01 17:02:35,0.951,0,6.11,0
2025-03-01 17:02:36,0.951,0,6.11,0
2025-03-01 17:02:37,0.951,0,6.11,0
2025-03-01 17:02:38,0.951,0,6.11,0
2025-03-01 17:02:39,0.951,0,6.11,0
2025-03-01 17:02:40,0.951,0,6.11,0
2025-03-01 17:02:41,0.951,0,6.11,0
2025-03-01 17:02:42,0.951,0,6.11,0
2025-03-01 17:02:43,0.951,0,6.11,0
2025-03-01 17:02:44,0.951,0,6.11,0
2025-03-01 17:02:45,0.951,0,6.11,0
2025-03-01 17:02:46,0.951,0,6.11,0
2025-03-01 17:02:47,0.951,0,6.11,0
2025-03-01 17:02:48,0.951,0,6.11,0
2025-03-01 17:02:49,0.951,0,6.11,0
2025-03-01 17:02:50,0.951,0,6.11,0
2025-03-01 17:02:51,0.951,0,6.11,0
2025-03-01 17:02:52,0.951,0,6.11,0
2025-03-01 17:02:53,0.951,0,6.11,0
2025-03-01 17:02:54,0.951,0,6.11,0
2025-03-01 17:02:55,0.958,0,6.25,0
2025-03-01 17:02:56,0.958,0,6.25,0
2025-03-01 17:02:57,0.958,0,6.25,0
2025-03-01 17:02:58,0.958,0,6.25,0
2025-03-01 17:02:59,0.958,0,6.25,0
2025-03-01 17:03:00,0.958,0,6.25,0
2025-03-01 17:03:01,0.958,0,6.25,0
2025-03-01 17:03:02,0.958,0,6.25,0
2025-03-01 17:03:03,0.958,0,6.25,0
2025-03-01 17:03:04,0.958,0,6.25,0
2025-03-01 17:03:05,0.958,0,6.25,0
2025-03-01 17:03:06,0.958,0,6.25,0
2025-03-01 17:03:07,0.958,0,6.25,0
2025-03-01 17:03:08,0.958,0,6.25,0
2025-03-01 17:03:09,0.958,0,6.25,0
2025-03-01 17:03:10,0.958,0,6.25,0
2025-03-01 17:03:11,0.958,0,6.25,0
2025-03-01 17:03:12,0.958,0,6.25,0
2025-03-01 17:03:13,0.958,0,6.25,0
2025-03-01 17:03:14,0.958,0,6.25,0
2025-03-01 17:03:15,0.958,0,6.25,0
2025-03-01 17:03:16,0.958,0,6.25,0
2025-03-01 17:03:17,0.958,0,6.25,0
2025-03-01 17:03:18,0.958,0,6.25,0
2025-03-01 17:03:19,0.958,0,6.25,0
2025-03-01 17:03:20,0.958,0,6.25,0
2025-03-01 17:03:21,0.958,0,6.25,0
2025-03-01 17:03:22,0.958,0,6.25,0
2025-03-01 17:03:23,0.958,0,6.25,0
2025-03-01 17:03:24,0.958,0,6.25,0
2025-03-01 17:03:25,0.847,0,5.94,0
2025-03-01 17:03:26,0.847,0,5.94,0
2025-03-01 17:03:27,0.847,0,5.94,0
2025-03-01 17:03:28,0.847,0,5.94,0
2025-03-01 17:03:29,0.847,0,5.94,0
2025-03-01 17:03:30,0.847,0,5.94,0
2025-03-01 17:03:31,0.847,0,5.94,0
2025-03-01 17:03:32,0.847,0,5.94,0
2025-03-01 17:03:33,0.847,0,5.94,0
2025-03-01 17:03:34,0.847,0,5.94,0
2025-03-01 17:03:35,0.847,0,5.94,0
2025-03-01 17:03:36,0.847,0,5.94,0
2025-03-01 17:03:37,0.847,0,5.94,0
2025-03-01 17:03:38,0.847,0,5.94,0
2025-03-01 17:03:39,0.847,0,5.94,0
2025-03-01 17:03:40,0.847,0,5.94,0
2025-03-01 17:03:41,0.847,0,5.94,0
2025-03-01 17:03:42,0.847,0,5.94,0
2025-03-01 17:03:43,0.847,0,5.94,0
2025-03-01 17:03:44,0.847,0,5.94,0
2025-03-01 17:03:45,0.847,0,5.94,0
2025-03-01 17:03:46,0.847,0,5.94,0
2025-03-01 17:03:47,0.847,0,5.94,0
2025-03-01 17:03:48,0.847,0,5.94,0
2025-03-01 17:03:49,0.847,0,5.94,0
2025-03-01 17:03:50,0.847,0,5.94,0
2025-03-01 17:03:51,0.847,0,5.94,0
2025-03-01 17:03:52,0.847,0,5.94,0
2025-03-01 17:03:53,0.847,0,5.94,0
2025-03-01 17:03:54,0.847,0,5.94,0
2025-03-01 17:03:55,0.907,0,6.33,0
2025-03-01 17:03:56,0.907,0,6.33,0
2025-03-01 17:03:57,0.907,0,6.33,0
2025-03-01 17:03:58,0.907,0,6.33,0
2025-03-01 17:03:59,0.907,0,6.33,0
2025-03-01 17:04:00,0.907,0,6.33,0
2025-03-01 17:04:01,0.907,0,6.33,0
2025-03-01 17:04:02,0.907,0,6.33,0
2025-03-01 17:04:03,0.907,0,6.33,0
2025-03-01 17:04:04,0.907,0,6.33,0
2025-03-01 17:04:05,0.907,0,6.33,0
2025-03-01 17:04:06,0.907,0,6.33,0
2025-03-01 17:04:07,0.907,0,6.33,0
2025-03-01 17:04:08,0.907,0,6.33,0
2025-03-01 17:04:09,0.907,0,6.33,0
2025-03-01 17:04:10,0.907,0,6.33,0
2025-03-01 17:04:11,0.907,0,6.33,0
2025-03-01 17:04:12,0.907,0,6.33,0
2025-03-01 17:04:13,0.907,0,6.33,0
2025-03-01 17:04:14,0.907,0,6.33,0
2025-03-01 17:04:15,0.907,0,6.33,0
2025-03-01 17:04:16,0.907,0,6.33,0
2025-03-01 17:04:17,0.907,0,6.33,0
2025-03-01 17:04:18,0.907,0,6.33,0
2025-03-01 17:04:19,0.907,0,6.33,0
2025-03-01 17:04:20,0.907,0,6.33,0
2025-03-01 17:04:21,0.907,0,6.33,0
2025-03-01 17:04:22,0.907,0,6.33,0
2025-03-01 17:04:23,0.907,0,6.33,0
2025-03-01 17:04:24,0.907,0,6.33,0
2025-03-01 17:04:25,0.828,0,5.92,0
2025-03-01 17:04:26,0.828,0,5.92,0
2025-03-01 17:04:27,0.828,0,5.92,0
2025-03-01 17:04:28,0.828,0,5.92,0
2025-03-01 17:04:29,0.828,0,5.92,0
2025-03-01 17:04:30,0.828,0,5.92,0
2025-03-01 17:04:31,0.828,0,5.92,0
2025-03-01 17:04:32,0.828,0,5.92,0
2025-03-01 17:04:33,0.828,0,5.92,0
2025-03-01 17:04:34,0.828,0,5.92,0
2025-03-01 17:04:35,0.828,0,5.92,0
2025-03-01 17:04:36,0.828,0,5.92,0
2025-03-01 17:04:37,0.828,0,5.92,0
2025-03-01 17:04:38,0.828,0,5.92,0
2025-03-01 17:04:39,0.828,0,5.92,0
2025-03-01 17:04:40,0.828,0,5.92,0
2025-03-01 17:04:41,0.828,0,5.92,0
2025-03-01 17:04:42,0.828,0,5.92,0
2025-03-01 17:04:43,0.828,0,5.92,0
2025-03-01 17:04:44,0.828,0,5.92,0
2025-03-01 17:04:45,0.828,0,5.92,0
2025-03-01 17:04:46,0.828,0,5.92,0
2025-03-01 17:04:47,0.828,0,5.92,0
2025-03-01 17:04:48,0.828,0,5.92,0
2025-03-01 17:04:49,0.828,0,5.92,0
2025-03-01 17:04:50,0.828,0,5.92,0
2025-03-01 17:04:51,0.828,0,5.92,0
2025-03-01 17:04:52,0.828,0,5.92,0
2025-03-01 17:04:53,0.828,0,5.92,0
2025-03-01 17:04:54,0.828,0,5.92,0
2025-03-01 17:04:55,0.969,0,5.86,0
2025-03-01 17:04:56,0.969,0,5.86,0
2025-03-01 17:04:57,0.969,0,5.86,0
2025-03-01 17:04:58,0.969,0,5.86,0
2025-03-01 17:04:59,0.969,0,5.86,0
2025-03-01 17:05:00,0.969,0,5.86,0
2025-03-01 17:05:01,0.969,0,5.86,0
2025-03-01 17:05:02,0.969,0,5.86,0
2025-03-01 17:05:03,0.969,0,5.86,0
2025-03-01 17:05:04,0.969,0,5.86,0
2025-03-01 17:05:05,0.969,0,5.86,0
2025-03-01 17:05:06,0.969,0,5.86,0
2025-03-01 17:05:07,0.969,0,5.86,0
2025-03-01 17:05:08,0.969,0,5.86,0
2025-03-01 17:05:09,0.969,0,5.86,0
2025-03-01 17:05:10,0.969,0,5.86,0
2025-03-01 17:05:11,0.969,0,5.86,0
2025-03-01 17:05:12,0.969,0,5.86,0
2025-03-01 17:05:13,0.969,0,5.86,0
2025-03-01 17:05:14,0.969,0,5.86,0
2025-03-01 17:05:15,0.969,0,5.86,0
2025-03-01 17:05:16,0.969,0,5.86,0
2025-03-01 17:05:17,0.969,0,5.86,0
2025-03-01 17:05:18,0.969,0,5.86,0
2025-03-01 17:05:19,0.969,0,5.86,0
2025-03-01 17:05:20,0.969,0,5.86,0
2025-03-01 17:05:21,0.969,0,5.86,0
2025-03-01 17:05:22,0.969,0,5.86,0
2025-03-01 17:05:23,0.969,0,5.86,0
2025-03-01 17:05:24,0.969,0,5.86,0
2025-03-01 17:05:25,1.000,0,5.27,0
2025-03-01 17:05:26,1.000,0,5.27,0
2025-03-01 17:05:27,1.000,0,5.27,0
2025-03-01 17:05:28,1.000,0,5.27,0
2025-03-01 17:05:29,1.000,0,5.27,0
2025-03-01 17:05:30,1.000,0,5.27,0
2025-03-01 17:05:31,1.000,0,5.27,0
2025-03-01 17:05:32,1.000,0,5.27,0
2025-03-01 17:05:33,1.000,0,5.27,0
2025-03-01 17:05:34,1.000,0,5.27,0
2025-03-01 17:05:35,1.000,0,5.27,0
2025-03-01 17:05:36,1.000,0,5.27,0
2025-03-01 17:05:37,1.000,0,5.27,0
2025-03-01 17:05:38,1.000,0,5.27,0
2025-03-01 17:05:39,1.000,0,5.27,0
2025-03-01 17:05:40,1.000,0,5.27,0
2025-03-01 17:05:41,1.000,0,5.27,0
2025-03-01 17:05:42,1.000,0,5.27,0
2025-03-01 17:05:43,1.000,0,5.27,0
2025-03-01 17:05:44,1.000,0,5.27,0
2025-03-01 17:05:45,1.000,0,5.27,0
2025-03-01 17:05:46,1.000,0,5.27,0
2025-03-01 17:05:47,1.000,0,5.27,0
2025-03-01 17:05:48,1.000,0,5.27,0
2025-03-01 17:05:49,1.000,0,5.27,0
2025-03-01 17:05:50,1.000,0,5.27,0
2025-03-01 17:05:51,1.000,0,5.27,0
2025-03-01 17:05:52,1.000,0,5.27,0
2025-03-01 17:05:53,1.000,0,5.27,0
2025-03-01 17:05:54,1.000,0,5.27,0
2025-03-01 17:05:55,0.982,0,5.22,0
2025-03-01 17:05:56,0.982,0,5.22,0
2025-03-01 17:05:57,0.982,0,5.22,0
2025-03-01 17:05:58,0.982,0,5.22,0
2025-03-01 17:05:59,0.982,0,5.22,0
2025-03-01 17:06:00,0.982,0,5.22,0
2025-03-01 17:06:01,0.982,0,5.22,0
2025-03-01 17:06:02,0.982,0,5.22,0
2025-03-01 17:06:03,0.982,0,5.22,0
2025-03-01 17:06:04,0.982,0,5.22,0
2025-03-01 17:06:05,0.982,0,5.22,0
2025-03-01 17:06:06,0.982,0,5.22,0
2025-03-01 17:06:07,0.982,0,5.22,0
2025-03-01 17:06:08,0.982,0,5.22,0
2025-03-01 17:06:09,0.982,0,5.22,0
2025-03-01 17:06:10,0.982,0,5.22,0
2025-03-01 17:06:11,0.982,0,5.22,0
2025-03-01 17:06:12,0.982,0,5.22,0
2025-03-01 17:06:13,0.982,0,5.22,0
2025-03-01 17:06:14,0.982,0,5.22,0
2025-03-01 17:06:15,0.982,0,5.22,0
2025-03-01 17:06:16,0.982,0,5.22,0
2025-03-01 17:06:17,0.982,0,5.22,0
2025-03-01 17:06:18,0.982,0,5.22,0
2025-03-01 17:06:19,0.982,0,5.22,0
2025-03-01 17:06:20,0.982,0,5.22,0
2025-03-01 17:06:21,0.982,0,5.22,0
2025-03-01 17:06:22,0.982,0,5.22,0
2025-03-01 17:06:23,0.982,0,5.22,0
2025-03-01 17:06:24,0.982,0,5.22,0
2025-03-01 17:06:25,0.981,0,5.39,0
2025-03-01 17:06:26,0.981,0,5.39,0
2025-03-01 17:06:27,0.981,0,5.39,0
2025-03-01 17:06:28,0.981,0,5.39,0
2025-03-01 17:06:29,0.981,0,5.39,0
2025-03-01 17:06:30,0.981,0,5.39,0
2025-03-01 17:06:31,0.981,0,5.39,0
2025-03-01 17:06:32,0.981,0,5.39,0
2025-03-01 17:06:33,0.981,0,5.39,0
2025-03-01 17:06:34,0.981,0,5.39,0
2025-03-01 17:06:35,0.981,0,5.39,0
2025-03-01 17:06:36,0.981,0,5.39,0
2025-03-01 17:06:37,0.981,0,5.39,0
2025-03-01 17:06:38,0.981,0,5.39,0
2025-03-01 17:06:39,0.981,0,5.39,0
2025-03-01 17:06:40,0.981,0,5.39,0
2025-03-01 17:06:41,0.981,0,5.39,0
2025-03-01 17:06:42,0.981,0,5.39,0
2025-03-01 17:06:43,0.981,0,5.39,0
2025-03-01 17:06:44,0.981,0,5.39,0
2025-03-01 17:06:45,0.981,0,5.39,0
2025-03-01 17:06:46,0.981,0,5.39,0
2025-03-01 17:06:47,0.981,0,5.39,0
2025-03-01 17:06:48,0.981,0,5.39,0
2025-03-01 17:06:49,0.981,0,5.39,0
2025-03-01 17:06:50,0.981,0,5.39,0
2025-03-01 17:06:51,0.981,0,5.39,0
2025-03-01 17:06:52,0.981,0,5.39,0
2025-03-01 17:06:53,0.981,0,5.39,0
2025-03-01 17:06:54,0.981,0,5.39,0
2025-03-01 17:06:55,0.949,0,5.97,0
2025-03-01 17:06:56,0.949,0,5.97,0
2025-03-01 17:06:57,0.949,0,5.97,0
2025-03-01 17:06:58,0.949,0,5.97,0
2025-03-01 17:06:59,0.949,0,5.97,0
2025-03-01 17:07:00,0.949,0,5.97,0
2025-03-01 17:07:01,0.949,0,5.97,0
2025-03-01 17:07:02,0.949,0,5.97,0
2025-03-01 17:07:03,0.949,0,5.97,0
2025-03-01 17:07:04,0.949,0,5.97,0
2025-03-01 17:07:05,0.949,0,5.97,0
2025-03-01 17:07:06,0.949,0,5.97,0
2025-03-01 17:07:07,0.949,0,5.97,0
2025-03-01 17:07:08,0.949,0,5.97,0
2025-03-01 17:07:09,0.949,0,5.97,0
2025-03-01 17:07:10,0.949,0,5.97,0
2025-03-01 17:07:11,0.949,0,5.97,0
2025-03-01 17:07:12,0.949,0,5.97,0
2025-03-01 17:07:13,0.949,0,5.97,0
2025-03-01 17:07:14,0.949,0,5.97,0
2025-03-01 17:07:15,0.949,0,5.97,0
2025-03-01 17:07:16,0.949,0,5.97,0
2025-03-01 17:07:17,0.949,0,5.97,0
2025-03-01 17:07:18,0.949,0,5.97,0
2025-03-01 17:07:19,0.949,0,5.97,0
2025-03-01 17:07:20,0.949,0,5.97,0
2025-03-01 17:07:21,0.949,0,5.97,0
2025-03-01 17:07:22,0.949,0,5.97,0
2025-03-01 17:07:23,0.949,0,5.97,0
2025-03-01 17:07:24,0.949,0,5.97,0
2025-03-01 17:07:25,0.871,0,6.15,0
2025-03-01 17:07:26,0.871,0,6.15,0
2025-03-01 17:07:27,0.871,0,6.15,0
2025-03-01 17:07:28,0.871,0,6.15,0
2025-03-01 17:07:29,0.871,0,6.15,0
2025-03-01 17:07:30,0.871,0,6.15,0
2025-03-01 17:07:31,0.871,0,6.15,0
2025-03-01 17:07:32,0.871,0,6.15,0
2025-03-01 17:07:33,0.871,0,6.15,0
2025-03-01 17:07:34,0.871,0,6.15,0
2025-03-01 17:07:35,0.871,0,6.15,0
2025-03-01 17:07:36,0.871,0,6.15,0
2025-03-01 17:07:37,0.871,0,6.15,0
2025-03-01 17:07:38,0.871,0,6.15,0
2025-03-01 17:07:39,0.871,0,6.15,0
2025-03-01 17:07:40,0.871,0,6.15,0
2025-03-01 17:07:41,0.871,0,6.15,0
2025-03-01 17:07:42,0.871,0,6.15,0
2025-03-01 17:07:43,0.871,0,6.15,0
2025-03-01 17:07:44,0.871,0,6.15,0
2025-03-01 17:07:45,0.871,0,6.15,0
2025-03-01 17:07:46,0.871,0,6.15,0
2025-03-01 17:07:47,0.871,0,6.15,0
2025-03-01 17:07:48,0.871,0,6.15,0
2025-03-01 17:07:49,0.871,0,6.15,0
2025-03-01 17:07:50,0.871,0,6.15,0
2025-03-01 17:07:51,0.871,0,6.15,0
2025-03-01 17:07:52,0.871,0,6.15,0
2025-03-01 17:07:53,0.871,0,6.15,0
2025-03-01 17:07:54,0.871,0,6.15,0
2025-03-01 17:07:55,0.964,0,5.89,0
2025-03-01 17:07:56,0.964,0,5.89,0
2025-03-01 17:07:57,0.964,0,5.89,0
2025-03-01 17:07:58,0.964,0,5.89,0
2025-03-01 17:07:59,0.964,0,5.89,0
2025-03-01 17:08:00,0.964,0,5.89,0
2025-03-01 17:08:01,0.964,0,5.89,0
2025-03-01 17:08:02,0.964,0,5.89,0
2025-03-01 17:08:03,0.964,0,5.89,0
2025-03-01 17:08:04,0.964,0,5.89,0
2025-03-01 17:08:05,0.964,0,5.89,0
2025-03-01 17:08:06,0.964,0,5.89,0
2025-03-01 17:08:07,0.964,0,5.89,0
2025-03-01 17:08:08,0.964,0,5.89,0
2025-03-01 17:08:09,0.964,0,5.89,0
2025-03-01 17:08:10,0.964,0,5.89,0
2025-03-01 17:08:11,0.964,0,5.89,0
2025-03-01 17:08:12,0.964,0,5.89,0
2025-03-01 17:08:13,0.964,0,5.89,0
2025-03-01 17:08:14,0.964,0,5.89,0
2025-03-01 17:08:15,0.964,0,5.89,0
2025-03-01 17:08:16,0.964,0,5.89,0
2025-03-01 17:08:17,0.964,0,5.89,0
2025-03-01 17:08:18,0.964,0,5.89,0
2025-03-01 17:08:19,0.964,0,5.89,0
2025-03-01 17:08:20,0.964,0,5.89,0
2025-03-01 17:08:21,0.964,0,5.89,0
2025-03-01 17:08:22,0.964,0,5.89,0
2025-03-01 17:08:23,0.964,0,5.89,0
2025-03-01 17:08:24,0.964,0,5.89,0
2025-03-01 17:08:25,0.970,0,5.25,0
2025-03-01 17:08:26,0.970,0,5.25,0
2025-03-01 17:08:27,0.970,0,5.25,0
2025-03-01 17:08:28,0.970,0,5.25,0
2025-03-01 17:08:29,0.970,0,5.25,0
2025-03-01 17:08:30,0.970,0,5.25,0
2025-03-01 17:08:31,0.970,0,5.25,0
2025-03-01 17:08:32,0.970,0,5.25,0
2025-03-01 17:08:33,0.970,0,5.25,0
2025-03-01 17:08:34,0.970,0,5.25,0
2025-03-01 17:08:35,0.970,0,5.25,0
2025-03-01 17:08:36,0.970,0,5.25,0
2025-03-01 17:08:37,0.970,0,5.25,0
2025-03-01 17:08:38,0.970,0,5.25,0
2025-03-01 17:08:39,0.970,0,5.25,0
2025-03-01 17:08:40,0.970,0,5.25,0
2025-03-01 17:08:41,0.970,0,5.25,0
2025-03-01 17:08:42,0.970,0,5.25,0
2025-03-01 17:08:43,0.970,0,5.25,0
2025-03-01 17:08:44,0.970,0,5.25,0
2025-03-01 17:08:45,0.970,0,5.25,0
2025-03-01 17:08:46,0.970,0,5.25,0
2025-03-01 17:08:47,0.970,0,5.25,0
2025-03-01 17:08:48,0.970,0,5.25,0
2025-03-01 17:08:49,0.970,0,5.25,0
2025-03-01 17:08:50,0.970,0,5.25,0
2025-03-01 17:08:51,0.970,0,5.25,0
2025-03-01 17:08:52,0.970,0,5.25,0
2025-03-01 17:08:53,0.970,0,5.25,0
2025-03-01 17:08:54,0.970,0,5.25,0
2025-03-01 17:08:55,0.963,0,5.38,0
2025-03-01 17:08:56,0.963,0,5.38,0
2025-03-01 17:08:57,0.963,0,5.38,0
2025-03-01 17:08:58,0.963,0,5.38,0
2025-03-01 17:08:59,0.963,0,5.38,0
2025-03-01 17:09:00,0.963,0,5.38,0
2025-03-01 17:09:01,0.963,0,5.38,0
2025-03-01 17:09:02,0.963,0,5.38,0
2025-03-01 17:09:03,0.963,0,5.38,0
2025-03-01 17:09:04,0.963,0,5.38,0
2025-03-01 17:09:05,0.963,0,5.38,0
2025-03-01 17:09:06,0.963,0,5.38,0
2025-03-01 17:09:07,0.963,0,5.38,0
2025-03-01 17:09:08,0.963,0,5.38,0
2025-03-01 17:09:09,0.963,0,5.38,0
2025-03-01 17:09:10,0.963,0,5.38,0
2025-03-01 17:09:11,0.963,0,5.38,0
2025-03-01 17:09:12,0.963,0,5.38,0
2025-03-01 17:09:13,0.963,0,5.38,0
2025-03-01 17:09:14,0.963,0,5.38,0
2025-03-01 17:09:15,0.963,0,5.38,0
2025-03-01 17:09:16,0.963,0,5.38,0
2025-03-01 17:09:17,0.963,0,5.38,0
2025-03-01 17:09:18,0.963,0,5.38,0
2025-03-01 17:09:19,0.963,0,5.38,0
2025-03-01 17:09:20,0.963,0,5.38,0
2025-03-01 17:09:21,0.963,0,5.38,0
2025-03-01 17:09:22,0.963,0,5.38,0
2025-03-01 17:09:23,0.963,0,5.38,0
2025-03-01 17:09:24,0.963,0,5.38,0
2025-03-01 17:09:25,0.978,0,5.18,0
2025-03-01 17:09:26,0.978,0,5.18,0
2025-03-01 17:09:27,0.978,0,5.18,0
2025-03-01 17:09:28,0.978,0,5.18,0
2025-03-01 17:09:29,0.978,0,5.18,0
2025-03-01 17:09:30,0.978,0,5.18,0
2025-03-01 17:09:31,0.978,0,5.18,0
2025-03-01 17:09:32,0.978,0,5.18,0
2025-03-01 17:09:33,0.978,0,5.18,0
2025-03-01 17:09:34,0.978,0,5.18,0
2025-03-01 17:09:35,0.978,0,5.18,0
2025-03-01 17:09:36,0.978,0,5.18,0
2025-03-01 17:09:37,0.978,0,5.18,0
2025-03-01 17:09:38,0.978,0,5.18,0
2025-03-01 17:09:39,0.978,0,5.18,0
2025-03-01 17:09:40,0.978,0,5.18,0
2025-03-01 17:09:41,0.978,0,5.18,0
2025-03-01 17:09:42,0.978,0,5.18,0
2025-03-01 17:09:43,0.978,0,5.18,0
2025-03-01 17:09:44,0.978,0,5.18,0
2025-03-01 17:09:45,0.978,0,5.18,0
2025-03-01 17:09:46,0.978,0,5.18,0
2025-03-01 17:09:47,0.978,0,5.18,0
2025-03-01 17:09:48,0.978,0,5.18,0
2025-03-01 17:09:49,0.978,0,5.18,0
2025-03-01 17:09:50,0.978,0,5.18,0
2025-03-01 17:09:51,0.978,0,5.18,0
2025-03-01 17:09:52,0.978,0,5.18,0
2025-03-01 17:09:53,0.978,0,5.18,0
2025-03-01 17:09:54,0.978,0,5.18,0
2025-03-01 17:09:55,0.988,0,5.26,0
2025-03-01 17:09:56,0.988,0,5.26,0
2025-03-01 17:09:57,0.988,0,5.26,0
2025-03-01 17:09:58,0.988,0,5.26,0
2025-03-01 17:09:59,0.988,0,5.26,0
2025-03-01 17:10:00,0.988,0,5.26,0
2025-03-01 17:10:01,0.988,0,5.26,0
2025-03-01 17:10:02,0.988,0,5.26,0
2025-03-01 17:10:03,0.988,0,5.26,0
2025-03-01 17:10:04,0.988,0,5.26,0
2025-03-01 17:10:05,0.988,0,5.26,0
2025-03-01 17:10:06,0.988,0,5.26,0
2025-03-01 17:10:07,0.988,0,5.26,0
2025-03-01 17:10:08,0.988,0,5.26,0
2025-03-01 17:10:09,0.988,0,5.26,0
2025-03-01 17:10:10,0.988,0,5.26,0
2025-03-01 17:10:11,0.988,0,5.26,0
2025-03-01 17:10:12,0.988,0,5.26,0
2025-03-01 17:10:13,0.988,0,5.26,0
2025-03-01 17:10:14,0.988,0,5.26,0
2025-03-01 17:10:15,0.988,0,5.26,0
2025-03-01 17:10:16,0.988,0,5.26,0
2025-03-01 17:10:17,0.988,0,5.26,0
2025-03-01 17:10:18,0.988,0,5.26,0
2025-03-01 17:10:19,0.988,0,5.26,0
2025-03-01 17:10:20,0.988,0,5.26,0
2025-03-01 17:10:21,0.988,0,5.26,0
2025-03-01 17:10:22,0.988,0,5.26,0
2025-03-01 17:10:23,0.988,0,5.26,0
2025-03-01 17:10:24,0.988,0,5.26,0
2025-03-01 17:10:25,0.978,0,5.24,0
2025-03-01 17:10:26,0.978,0,5.24,0
2025-03-01 17:10:27,0.978,0,5.24,0
2025-03-01 17:10:28,0.978,0,5.24,0
2025-03-01 17:10:29,0.978,0,5.24,0
2025-03-01 17:10:30,0.978,0,5.24,0
2025-03-01 17:10:31,0.978,0,5.24,0
2025-03-01 17:10:32,0.978,0,5.24,0
2025-03-01 17:10:33,0.978,0,5.24,0
2025-03-01 17:10:34,0.978,0,5.24,0
2025-03-01 17:10:35,0.978,0,5.24,0
2025-03-01 17:10:36,0.978,0,5.24,0
2025-03-01 17:10:37,0.978,0,5.24,0
2025-03-01 17:10:38,0.978,0,5.24,0
2025-03-01 17:10:39,0.978,0,5.24,0
2025-03-01 17:10:40,0.978,0,5.24,0
2025-03-01 17:10:41,0.978,0,5.24,0
2025-03-01 17:10:42,0.978,0,5.24,0
2025-03-01 17:10:43,0.978,0,5.24,0
2025-03-01 17:10:44,0.978,0,5.24,0
2025-03-01 17:10:45,0.978,0,5.24,0
2025-03-01 17:10:46,0.978,0,5.24,0
2025-03-01 17:10:47,0.978,0,5.24,0
2025-03-01 17:10:48,0.978,0,5.24,0
2025-03-01 17:10:49,0.978,0,5.24,0
2025-03-01 17:10:50,0.978,0,5.24,0
2025-03-01 17:10:51,0.978,0,5.24,0
2025-03-01 17:10:52,0.978,0,5.24,0
2025-03-01 17:10:53,0.978,0,5.24,0
2025-03-01 17:10:54,0.978,0,5.24,0
2025-03-01 17:10:55,0.962,0,5.33,0
2025-03-01 17:10:56,0.962,0,5.33,0
2025-03-01 17:10:57,0.962,0,5.33,0
2025-03-01 17:10:58,0.962,0,5.33,0
2025-03-01 17:10:59,0.962,0,5.33,0
2025-03-01 17:11:00,0.962,0,5.33,0
2025-03-01 17:11:01,0.962,0,5.33,0
2025-03-01 17:11:02,0.962,0,5.33,0
2025-03-01 17:11:03,0.962,0,5.33,0
2025-03-01 17:11:04,0.962,0,5.33,0
2025-03-01 17:11:05,0.962,0,5.33,0
2025-03-01 17:11:06,0.962,0,5.33,0
2025-03-01 17:11:07,0.962,0,5.33,0
2025-03-01 17:11:08,0.962,0,5.33,0
2025-03-01 17:11:09,0.962,0,5.33,0
2025-03-01 17:11:10,0.962,0,5.33,0
2025-03-01 17:11:11,0.962,0,5.33,0
2025-03-01 17:11:12,0.962,0,5.33,0
2025-03-01 17:11:13,0.962,0,5.33,0
2025-03-01 17:11:14,0.962,0,5.33,0
2025-03-01 17:11:15,0.962,0,5.33,0
2025-03-01 17:11:16,0.962,0,5.33,0
2025-03-01 17:11:17,0.962,0,5.33,0
2025-03-01 17:11:18,0.962,0,5.33,0
2025-03-01 17:11:19,0.962,0,5.33,0
2025-03-01 17:11:20,0.962,0,5.33,0
2025-03-01 17:11:21,0.962,0,5.33,0
2025-03-01 17:11:22,0.962,0,5.33,0
2025-03-01 17:11:23,0.962,0,5.33,0
2025-03-01 17:11:24,0.962,0,5.33,0
2025-03-01 17:11:25,0.972,0,5.38,0
2025-03-01 17:11:26,0.972,0,5.38,0
2025-03-01 17:11:27,0.972,0,5.38,0
2025-03-01 17:11:28,0.972,0,5.38,0
2025-03-01 17:11:29,0.972,0,5.38,0
2025-03-01 17:11:30,0.972,0,5.38,0
2025-03-01 17:11:31,0.972,0,5.38,0
2025-03-01 17:11:32,0.972,0,5.38,0
2025-03-01 17:11:33,0.972,0,5.38,0
2025-03-01 17:11:34,0.972,0,5.38,0
2025-03-01 17:11:35,0.972,0,5.38,0
2025-03-01 17:11:36,0.972,0,5.38,0
2025-03-01 17:11:37,0.972,0,5.38,0
2025-03-01 17:11:38,0.972,0,5.38,0
2025-03-01 17:11:39,0.972,0,5.38,0
2025-03-01 17:11:40,0.972,0,5.38,0
2025-03-01 17:11:41,0.972,0,5.38,0
2025-03-01 17:11:42,0.972,0,5.38,0
2025-03-01 17:11:43,0.972,0,5.38,0
2025-03-01 17:11:44,0.972,0,5.38,0
2025-03-01 17:11:45,0.972,0,5.38,0
2025-03-01 17:11:46,0.972,0,5.38,0
2025-03-01 17:11:47,0.972,0,5.38,0
2025-03-01 17:11:48,0.972,0,5.38,0
2025-03-01 17:11:49,0.972,0,5.38,0
2025-03-01 17:11:50,0.972,0,5.38,0
2025-03-01 17:11:51,0.972,0,5.38,0
2025-03-01 17:11:52,0.972,0,5.38,0
2025-03-01 17:11:53,0.972,0,5.38,0
2025-03-01 17:11:54,0.972,0,5.38,0
2025-03-01 17:11:55,0.974,0,5.53,0
2025-03-01 17:11:56,0.974,0,5.53,0
2025-03-01 17:11:57,0.974,0,5.53,0
2025-03-01 17:11:58,0.974,0,5.53,0
2025-03-01 17:11:59,0.974,0,5.53,0
2025-03-01 17:12:00,0.974,0,5.53,0
2025-03-01 17:12:01,0.974,0,5.53,0
2025-03-01 17:12:02,0.974,0,5.53,0
2025-03-01 17:12:03,0.974,0,5.53,0
2025-03-01 17:12:04,0.974,0,5.53,0
2025-03-01 17:12:05,0.974,0,5.53,0
2025-03-01 17:12:06,0.974,0,5.53,0
2025-03-01 17:12:07,0.974,0,5.53,0
2025-03-01 17:12:08,0.974,0,5.53,0
2025-03-01 17:12:09,0.974,0,5.53,0
2025-03-01 17:12:10,0.974,0,5.53,0
2025-03-01 17:12:11,0.974,0,5.53,0
2025-03-01 17:12:12,0.974,0,5.53,0
2025-03-01 17:12:13,0.974,0,5.53,0
2025-03-01 17:12:14,0.974,0,5.53,0
2025-03-01 17:12:15,0.974,0,5.53,0
2025-03-01 17:12:16,0.974,0,5.53,0
2025-03-01 17:12:17,0.974,0,5.53,0
2025-03-01 17:12:18,0.974,0,5.53,0
2025-03-01 17:12:19,0.974,0,5.53,0
2025-03-01 17:12:20,0.974,0,5.53,0
2025-03-01 17:12:21,0.974,0,5.53,0
2025-03-01 17:12:22,0.974,0,5.53,0
2025-03-01 17:12:23,0.974,0,5.53,0
2025-03-01 17:12:24,0.974,0,5.53,0
2025-03-01 17:12:25,0.983,0,5.35,0
2025-03-01 17:12:26,0.983,0,5.35,0
2025-03-01 17:12:27,0.983,0,5.35,0
2025-03-01 17:12:28,0.983,0,5.35,0
2025-03-01 17:12:29,0.983,0,5.35,0
2025-03-01 17:12:30,0.983,0,5.35,0
2025-03-01 17:12:31,0.983,0,5.35,0
2025-03-01 17:12:32,0.983,0,5.35,0
2025-03-01 17:12:33,0.983,0,5.35,0
2025-03-01 17:12:34,0.983,0,5.35,0
2025-03-01 17:12:35,0.983,0,5.35,0
2025-03-01 17:12:36,0.983,0,5.35,0
2025-03-01 17:12:37,0.983,0,5.35,0
2025-03-01 17:12:38,0.983,0,5.35,0
2025-03-01 17:12:39,0.983,0,5.35,0
2025-03-01 17:12:40,0.983,0,5.35,0
2025-03-01 17:12:41,0.983,0,5.35,0
2025-03-01 17:12:42,0.983,0,5.35,0
2025-03-01 17:12:43,0.983,0,5.35,0
2025-03-01 17:12:44,0.983,0,5.35,0
2025-03-01 17:12:45,0.983,0,5.35,0
2025-03-01 17:12:46,0.983,0,5.35,0
2025-03-01 17:12:47,0.983,0,5.35,0
2025-03-01 17:12:48,0.983,0,5.35,0
2025-03-01 17:12:49,0.983,0,5.35,0
2025-03-01 17:12:50,0.983,0,5.35,0
2025-03-01 17:12:51,0.983,0,5.35,0
2025-03-01 17:12:52,0.983,0,5.35,0
2025-03-01 17:12:53,0.983,0,5.35,0
2025-03-01 17:12:54,0.983,0,5.35,0
2025-03-01 17:12:55,0.986,0,5.43,0
2025-03-01 17:12:56,0.986,0,5.43,0
2025-03-01 17:12:57,0.986,0,5.43,0
2025-03-01 17:12:58,0.986,0,5.43,0
2025-03-01 17:12:59,0.986,0,5.43,0
2025-03-01 17:13:00,0.986,0,5.43,0
2025-03-01 17:13:01,0.986,0,5.43,0
2025-03-01 17:13:02,0.986,0,5.43,0
2025-03-01 17:13:03,0.986,0,5.43,0
2025-03-01 17:13:04,0.986,0,5.43,0
2025-03-01 17:13:05,0.986,0,5.43,0
2025-03-01 17:13:06,0.986,0,5.43,0
2025-03-01 17:13:07,0.986,0,5.43,0
2025-03-01 17:13:08,0.986,0,5.43,0
2025-03-01 17:13:09,0.986,0,5.43,0
2025-03-01 17:13:10,0.986,0,5.43,0
2025-03-01 17:13:11,0.986,0,5.43,0
2025-03-01 17:13:12,0.986,0,5.43,0
2025-03-01 17:13:13,0.986,0,5.43,0
2025-03-01 17:13:14,0.986,0,5.43,0
2025-03-01 17:13:15,0.986,0,5.43,0
2025-03-01 17:13:16,0.986,0,5.43,0
2025-03-01 17:13:17,0.986,0,5.43,0
2025-03-01 17:13:18,0.986,0,5.43,0
2025-03-01 17:13:19,0.986,0,5.43,0
2025-03-01 17:13:20,0.986,0,5.43,0
2025-03-01 17:13:21,0.986,0,5.43,0
2025-03-01 17:13:22,0.986,0,5.43,0
2025-03-01 17:13:23,0.986,0,5.43,0
2025-03-01 17:13:24,0.986,0,5.43,0
2025-03-01 17:13:25,0.974,0,5.28,0
2025-03-01 17:13:26,0.974,0,5.28,0
2025-03-01 17:13:27,0.974,0,5.28,0
2025-03-01 17:13:28,0.974,0,5.28,0
2025-03-01 17:13:29,0.974,0,5.28,0
2025-03-01 17:13:30,0.974,0,5.28,0
2025-03-01 17:13:31,0.974,0,5.28,0
2025-03-01 17:13:32,0.974,0,5.28,0
2025-03-01 17:13:33,0.974,0,5.28,0
2025-03-01 17:13:34,0.974,0,5.28,0
2025-03-01 17:13:35,0.974,0,5.28,0
2025-03-01 17:13:36,0.974,0,5.28,0
2025-03-01 17:13:37,0.974,0,5.28,0
2025-03-01 17:13:38,0.974,0,5.28,0
2025-03-01 17:13:39,0.974,0,5.28,0
2025-03-01 17:13:40,0.974,0,5.28,0
2025-03-01 17:13:41,0.974,0,5.28,0
2025-03-01 17:13:42,0.974,0,5.28,0
2025-03-01 17:13:43,0.974,0,5.28,0
2025-03-01 17:13:44,0.974,0,5.28,0
2025-03-01 17:13:45,0.974,0,5.28,0
2025-03-01 17:13:46,0.974,0,5.28,0
2025-03-01 17:13:47,0.974,0,5.28,0
2025-03-01 17:13:48,0.974,0,5.28,0
2025-03-01 17:13:49,0.974,0,5.28,0
2025-03-01 17:13:50,0.974,0,5.28,0
2025-03-01 17:13:51,0.974,0,5.28,0
2025-03-01 17:13:52,0.974,0,5.28,0
2025-03-01 17:13:53,0.974,0,5.28,0
2025-03-01 17:13:54,0.974,0,5.28,0
2025-03-01 17:13:55,0.980,0,5.34,0
2025-03-01 17:13:56,0.980,0,5.34,0
2025-03-01 17:13:57,0.980,0,5.34,0
2025-03-01 17:13:58,0.980,0,5.34,0
2025-03-01 17:13:59,0.980,0,5.34,0
2025-03-01 17:14:00,0.980,0,5.34,0
2025-03-01 17:14:01,0.980,0,5.34,0
2025-03-01 17:14:02,0.980,0,5.34,0
2025-03-01 17:14:03,0.980,0,5.34,0
2025-03-01 17:14:04,0.980,0,5.34,0
2025-03-01 17:14:05,0.980,0,5.34,0
2025-03-01 17:14:06,0.980,0,5.34,0
2025-03-01 17:14:07,0.980,0,5.34,0
2025-03-01 17:14:08,0.980,0,5.34,0
2025-03-01 17:14:09,0.980,0,5.34,0
2025-03-01 17:14:10,0.980,0,5.34,0
2025-03-01 17:14:11,0.980,0,5.34,0
2025-03-01 17:14:12,0.980,0,5.34,0
2025-03-01 17:14:13,0.980,0,5.34,0
2025-03-01 17:14:14,0.980,0,5.34,0
2025-03-01 17:14:15,0.980,0,5.34,0
2025-03-01 17:14:16,0.980,0,5.34,0
2025-03-01 17:14:17,0.980,0,5.34,0
2025-03-01 17:14:18,0.980,0,5.34,0
2025-03-01 17:14:19,0.980,0,5.34,0
2025-03-01 17:14:20,0.980,0,5.34,0
2025-03-01 17:14:21,0.980,0,5.34,0
2025-03-01 17:14:22,0.980,0,5.34,0
2025-03-01 17:14:23,0.980,0,5.34,0
2025-03-01 17:14:24,0.980,0,5.34,0
2025-03-01 17:14:25,0.973,0,5.38,0
2025-03-01 17:14:26,0.973,0,5.38,0
2025-03-01 17:14:27,0.973,0,5.38,0
2025-03-01 17:14:28,0.973,0,5.38,0
2025-03-01 17:14:29,0.973,0,5.38,0
2025-03-01 17:14:30,0.973,0,5.38,0
2025-03-01 17:14:31,0.973,0,5.38,0
2025-03-01 17:14:32,0.973,0,5.38,0
2025-03-01 17:14:33,0.973,0,5.38,0
2025-03-01 17:14:34,0.973,0,5.38,0
2025-03-01 17:14:35,0.973,0,5.38,0
2025-03-01 17:14:36,0.973,0,5.38,0
2025-03-01 17:14:37,0.973,0,5.38,0
2025-03-01 17:14:38,0.973,0,5.38,0
2025-03-01 17:14:39,0.973,0,5.38,0
2025-03-01 17:14:40,0.973,0,5.38,0
2025-03-01 17:14:41,0.973,0,5.38,0
2025-03-01 17:14:42,0.973,0,5.38,0
2025-03-01 17:14:43,0.973,0,5.38,0
2025-03-01 17:14:44,0.973,0,5.38,0
2025-03-01 17:14:45,0.973,0,5.38,0
2025-03-01 17:14:46,0.973,0,5.38,0
2025-03-01 17:14:47,0.973,0,5.38,0
2025-03-01 17:14:48,0.973,0,5.38,0
2025-03-01 17:14:49,0.973,0,5.38,0
2025-03-01 17:14:50,0.973,0,5.38,0
2025-03-01 17:14:51,0.973,0,5.38,0
2025-03-01 17:14:52,0.973,0,5.38,0
2025-03-01 17:14:53,0.973,0,5.38,0
2025-03-01 17:14:54,0.973,0,5.38,0
2025-03-01 17:14:55,0.979,0,5.38,0
2025-03-01 17:14:56,0.979,0,5.38,0
2025-03-01 17:14:57,0.979,0,5.38,0
2025-03-01 17:14:58,0.979,0,5.38,0
2025-03-01 17:14:59,0.979,0,5.38,0
2025-03-01 17:15:00,0.979,0,5.38,0
2025-03-01 17:15:01,0.979,0,5.38,0
2025-03-01 17:15:02,0.979,0,5.38,0
2025-03-01 17:15:03,0.979,0,5.38,0
2025-03-01 17:15:04,0.979,0,5.38,0
2025-03-01 17:15:05,0.979,0,5.38,0
2025-03-01 17:15:06,0.979,0,5.38,0
2025-03-01 17:15:07,0.979,0,5.38,0
2025-03-01 17:15:08,0.979,0,5.38,0
2025-03-01 17:15:09,0.979,0,5.38,0
2025-03-01 17:15:10,0.979,0,5.38,0
2025-03-01 17:15:11,0.979,0,5.38,0
2025-03-01 17:15:12,0.979,0,5.38,0
2025-03-01 17:15:13,0.979,0,5.38,0
2025-03-01 17:15:14,0.979,0,5.38,0
2025-03-01 17:15:15,0.979,0,5.38,0
2025-03-01 17:15:16,0.979,0,5.38,0
2025-03-01 17:15:17,0.979,0,5.38,0
2025-03-01 17:15:18,0.979,0,5.38,0
2025-03-01 17:15:19,0.979,0,5.38,0
2025-03-01 17:15:20,0.979,0,5.38,0
2025-03-01 17:15:21,0.979,0,5.38,0
2025-03-01 17:15:22,0.979,0,5.38,0
2025-03-01 17:15:23,0.979,0,5.38,0
2025-03-01 17:15:24,0.979,0,5.38,0
2025-03-01 17:15:25,0.981,0,5.27,0
2025-03-01 17:15:26,0.981,0,5.27,0
2025-03-01 17:15:27,0.981,0,5.27,0
2025-03-01 17:15:28,0.981,0,5.27,0
2025-03-01 17:15:29,0.981,0,5.27,0
2025-03-01 17:15:30,0.981,0,5.27,0
2025-03-01 17:15:31,0.981,0,5.27,0
2025-03-01 17:15:32,0.981,0,5.27,0
2025-03-01 17:15:33,0.981,0,5.27,0
2025-03-01 17:15:34,0.981,0,5.27,0
2025-03-01 17:15:35,0.981,0,5.27,0
2025-03-01 17:15:36,0.981,0,5.27,0
2025-03-01 17:15:37,0.981,0,5.27,0
2025-03-01 17:15:38,0.981,0,5.27,0
2025-03-01 17:15:39,0.981,0,5.27,0
2025-03-01 17:15:40,0.981,0,5.27,0
2025-03-01 17:15:41,0.981,0,5.27,0
2025-03-01 17:15:42,0.981,0,5.27,0
2025-03-01 17:15:43,0.981,0,5.27,0
2025-03-01 17:15:44,0.981,0,5.27,0
2025-03-01 17:15:45,0.981,0,5.27,0
2025-03-01 17:15:46,0.981,0,5.27,0
2025-03-01 17:15:47,0.981,0,5.27,0
2025-03-01 17:15:48,0.981,0,5.27,0
2025-03-01 17:15:49,0.981,0,5.27,0
2025-03-01 17:15:50,0.981,0,5.27,0
2025-03-01 17:15:51,0.981,0,5.27,0
2025-03-01 17:15:52,0.981,0,5.27,0
2025-03-01 17:15:53,0.981,0,5.27,0
2025-03-01 17:15:54,0.981,0,5.27,0
2025-03-01 17:15:55,0.989,0,5.28,0
2025-03-01 17:15:56,0.989,0,5.28,0
2025-03-01 17:15:57,0.989,0,5.28,0
2025-03-01 17:15:58,0.989,0,5.28,0
2025-03-01 17:15:59,0.989,0,5.28,0
2025-03-01 17:16:00,0.989,0,5.28,0
2025-03-01 17:16:01,0.989,0,5.28,0
2025-03-01 17:16:02,0.989,0,5.28,0
2025-03-01 17:16:03,0.989,0,5.28,0
2025-03-01 17:16:04,0.989,0,5.28,0
2025-03-01 17:16:05,0.989,0,5.28,0
2025-03-01 17:16:06,0.989,0,5.28,0
2025-03-01 17:16:07,0.989,0,5.28,0
2025-03-01 17:16:08,0.989,0,5.28,0
2025-03-01 17:16:09,0.989,0,5.28,0
2025-03-01 17:16:10,0.989,0,5.28,0
2025-03-01 17:16:11,0.989,0,5.28,0
2025-03-01 17:16:12,0.989,0,5.28,0
2025-03-01 17:16:13,0.989,0,5.28,0
2025-03-01 17:16:14,0.989,0,5.28,0
2025-03-01 17:16:15,0.989,0,5.28,0
2025-03-01 17:16:16,0.989,0,5.28,0
2025-03-01 17:16:17,0.989,0,5.28,0
2025-03-01 17:16:18,0.989,0,5.28,0
2025-03-01 17:16:19,0.989,0,5.28,0
2025-03-01 17:16:20,0.989,0,5.28,0
2025-03-01 17:16:21,0.989,0,5.28,0
2025-03-01 17:16:22,0.989,0,5.28,0
2025-03-01 17:16:23,0.989,0,5.28,0
2025-03-01 17:16:24,0.989,0,5.28,0
2025-03-01 17:16:25,0.987,0,5.28,0
2025-03-01 17:16:26,0.987,0,5.28,0
2025-03-01 17:16:27,0.987,0,5.28,0
2025-03-01 17:16:28,0.987,0,5.28,0
2025-03-01 17:16:29,0.987,0,5.28,0
2025-03-01 17:16:30,0.987,0,5.28,0
2025-03-01 17:16:31,0.987,0,5.28,0
2025-03-01 17:16:32,0.987,0,5.28,0
2025-03-01 17:16:33,0.987,0,5.28,0
2025-03-01 17:16:34,0.987,0,5.28,0
2025-03-01 17:16:35,0.987,0,5.28,0
2025-03-01 17:16:36,0.987,0,5.28,0
2025-03-01 17:16:37,0.987,0,5.28,0
2025-03-01 17:16:38,0.987,0,5.28,0
2025-03-01 17:16:39,0.987,0,5.28,0
2025-03-01 17:16:40,0.987,0,5.28,0
2025-03-01 17:16:41,0.987,0,5.28,0
2025-03-01 17:16:42,0.987,0,5.28,0
2025-03-01 17:16:43,0.987,0,5.28,0
2025-03-01 17:16:44,0.987,0,5.28,0
2025-03-01 17:16:45,0.987,0,5.28,0
2025-03-01 17:16:46,0.987,0,5.28,0
2025-03-01 17:16:47,0.987,0,5.28,0
2025-03-01 17:16:48,0.987,0,5.28,0
2025-03-01 17:16:49,0.987,0,5.28,0
2025-03-01 17:16:50,0.987,0,5.28,0
2025-03-01 17:16:51,0.987,0,5.28,0
2025-03-01 17:16:52,0.987,0,5.28,0
2025-03-01 17:16:53,0.987,0,5.28,0
2025-03-01 17:16:54,0.987,0,5.28,0
2025-03-01 17:16:55,0.991,0,5.30,0
2025-03-01 17:16:56,0.991,0,5.30,0
2025-03-01 17:16:57,0.991,0,5.30,0
2025-03-01 17:16:58,0.991,0,5.30,0
2025-03-01 17:16:59,0.991,0,5.30,0
2025-03-01 17:17:00,0.991,0,5.30,0
2025-03-01 17:17:01,0.991,0,5.30,0
2025-03-01 17:17:02,0.991,0,5.30,0
2025-03-01 17:17:03,0.991,0,5.30,0
2025-03-01 17:17:04,0.991,0,5.30,0
2025-03-01 17:17:05,0.991,0,5.30,0
2025-03-01 17:17:06,0.991,0,5.30,0
2025-03-01 17:17:07,0.991,0,5.30,0
2025-03-01 17:17:08,0.991,0,5.30,0
2025-03-01 17:17:09,0.991,0,5.30,0
2025-03-01 17:17:10,0.991,0,5.30,0
2025-03-01 17:17:11,0.991,0,5.30,0
2025-03-01 17:17:12,0.991,0,5.30,0
2025-03-01 17:17:13,0.991,0,5.30,0
2025-03-01 17:17:14,0.991,0,5.30,0
2025-03-01 17:17:15,0.991,0,5.30,0
2025-03-01 17:17:16,0.991,0,5.30,0
2025-03-01 17:17:17,0.991,0,5.30,0
2025-03-01 17:17:18,0.991,0,5.30,0
2025-03-01 17:17:19,0.991,0,5.30,0
2025-03-01 17:17:20,0.991,0,5.30,0
2025-03-01 17:17:21,0.991,0,5.30,0
2025-03-01 17:17:22,0.991,0,5.30,0
2025-03-01 17:17:23,0.991,0,5.30,0
2025-03-01 17:17:24,0.991,0,5.30,0
2025-03-01 17:17:25,0.974,0,5.32,0
2025-03-01 17:17:26,0.974,0,5.32,0
2025-03-01 17:17:27,0.974,0,5.32,0
2025-03-01 17:17:28,0.974,0,5.32,0
2025-03-01 17:17:29,0.974,0,5.32,0
2025-03-01 17:17:30,0.974,0,5.32,0
2025-03-01 17:17:31,0.974,0,5.32,0
2025-03-01 17:17:32,0.974,0,5.32,0
2025-03-01 17:17:33,0.974,0,5.32,0
2025-03-01 17:17:34,0.974,0,5.32,0
2025-03-01 17:17:35,0.974,0,5.32,0
2025-03-01 17:17:36,0.974,0,5.32,0
2025-03-01 17:17:37,0.974,0,5.32,0
2025-03-01 17:17:38,0.974,0,5.32,0
2025-03-01 17:17:39,0.974,0,5.32,0
2025-03-01 17:17:40,0.974,0,5.32,0
2025-03-01 17:17:41,0.974,0,5.32,0
2025-03-01 17:17:42,0.974,0,5.32,0
2025-03-01 17:17:43,0.974,0,5.32,0
2025-03-01 17:17:44,0.974,0,5.32,0
2025-03-01 17:17:45,0.974,0,5.32,0
2025-03-01 17:17:46,0.974,0,5.32,0
2025-03-01 17:17:47,0.974,0,5.32,0
2025-03-01 17:17:48,0.974,0,5.32,0
2025-03-01 17:17:49,0.974,0,5.32,0
2025-03-01 17:17:50,0.974,0,5.32,0
2025-03-01 17:17:51,0.974,0,5.32,0
2025-03-01 17:17:52,0.974,0,5.32,0
2025-03-01 17:17:53,0.974,0,5.32,0
2025-03-01 17:17:54,0.974,0,5.32,0
2025-03-01 17:17:55,0.964,0,5.32,0
2025-03-01 17:17:56,0.964,0,5.32,0
2025-03-01 17:17:57,0.964,0,5.32,0
2025-03-01 17:17:58,0.964,0,5.32,0
2025-03-01 17:17:59,0.964,0,5.32,0
2025-03-01 17:18:00,0.964,0,5.32,0
2025-03-01 17:18:01,0.964,0,5.32,0
2025-03-01 17:18:02,0.964,0,5.32,0
2025-03-01 17:18:03,0.964,0,5.32,0
2025-03-01 17:18:04,0.964,0,5.32,0
2025-03-01 17:18:05,0.964,0,5.32,0
2025-03-01 17:18:06,0.964,0,5.32,0
2025-03-01 17:18:07,0.964,0,5.32,0
2025-03-01 17:18:08,0.964,0,5.32,0
2025-03-01 17:18:09,0.964,0,5.32,0
2025-03-01 17:18:10,0.964,0,5.32,0
2025-03-01 17:18:11,0.964,0,5.32,0
2025-03-01 17:18:12,0.964,0,5.32,0
2025-03-01 17:18:13,0.964,0,5.32,0
2025-03-01 17:18:14,0.964,0,5.32,0
2025-03-01 17:18:15,0.964,0,5.32,0
2025-03-01 17:18:16,0.964,0,5.32,0
2025-03-01 17:18:17,0.964,0,5.32,0
2025-03-01 17:18:18,0.964,0,5.32,0
2025-03-01 17:18:19,0.964,0,5.32,0
2025-03-01 17:18:20,0.964,0,5.32,0
2025-03-01 17:18:21,0.964,0,5.32,0
2025-03-01 17:18:22,0.964,0,5.32,0
2025-03-01 17:18:23,0.964,0,5.32,0
2025-03-01 17:18:24,0.964,0,5.32,0
2025-03-01 17:18:25,0.970,0,5.28,0
2025-03-01 17:18:26,0.970,0,5.28,0
2025-03-01 17:18:27,0.970,0,5.28,0
2025-03-01 17:18:28,0.970,0,5.28,0
2025-03-01 17:18:29,0.970,0,5.28,0
2025-03-01 17:18:30,0.970,0,5.28,0
2025-03-01 17:18:31,0.970,0,5.28,0
2025-03-01 17:18:32,0.970,0,5.28,0
2025-03-01 17:18:33,0.970,0,5.28,0
2025-03-01 17:18:34,0.970,0,5.28,0
2025-03-01 17:18:35,0.970,0,5.28,0
2025-03-01 17:18:36,0.970,0,5.28,0
2025-03-01 17:18:37,0.970,0,5.28,0
2025-03-01 17:18:38,0.970,0,5.28,0
2025-03-01 17:18:39,0.970,0,5.28,0
2025-03-01 17:18:40,0.970,0,5.28,0
2025-03-01 17:18:41,0.970,0,5.28,0
2025-03-01 17:18:42,0.970,0,5.28,0
2025-03-01 17:18:43,0.970,0,5.28,0
2025-03-01 17:18:44,0.970,0,5.28,0
2025-03-01 17:18:45,0.970,0,5.28,0
2025-03-01 17:18:46,0.970,0,5.28,0
2025-03-01 17:18:47,0.970,0,5.28,0
2025-03-01 17:18:48,0.970,0,5.28,0
2025-03-01 17:18:49,0.970,0,5.28,0
2025-03-01 17:18:50,0.970,0,5.28,0
2025-03-01 17:18:51,0.970,0,5.28,0
2025-03-01 17:18:52,0.970,0,5.28,0
2025-03-01 17:18:53,0.970,0,5.28,0
2025-03-01 17:18:54,0.970,0,5.28,0
2025-03-01 17:18:55,0.965,0,5.27,0
2025-03-01 17:18:56,0.965,0,5.27,0
2025-03-01 17:18:57,0.965,0,5.27,0
2025-03-01 17:18:58,0.965,0,5.27,0
2025-03-01 17:18:59,0.965,0,5.27,0
2025-03-01 17:19:00,0.965,0,5.27,0
2025-03-01 17:19:01,0.965,0,5.27,0
2025-03-01 17:19:02,0.965,0,5.27,0
2025-03-01 17:19:03,0.965,0,5.27,0
2025-03-01 17:19:04,0.965,0,5.27,0
2025-03-01 17:19:05,0.965,0,5.27,0
2025-03-01 17:19:06,0.965,0,5.27,0
2025-03-01 17:19:07,0.965,0,5.27,0
2025-03-01 17:19:08,0.965,0,5.27,0
2025-03-01 17:19:09,0.965,0,5.27,0
2025-03-01 17:19:10,0.965,0,5.27,0
2025-03-01 17:19:11,0.965,0,5.27,0
2025-03-01 17:19:12,0.965,0,5.27,0
2025-03-01 17:19:13,0.965,0,5.27,0
2025-03-01 17:19:14,0.965,0,5.27,0
2025-03-01 17:19:15,0.965,0,5.27,0
2025-03-01 17:19:16,0.965,0,5.27,0
2025-03-01 17:19:17,0.965,0,5.27,0
2025-03-01 17:19:18,0.965,0,5.27,0
2025-03-01 17:19:19,0.965,0,5.27,0
2025-03-01 17:19:20,0.965,0,5.27,0
2025-03-01 17:19:21,0.965,0,5.27,0
2025-03-01 17:19:22,0.965,0,5.27,0
2025-03-01 17:19:23,0.965,0,5.27,0
2025-03-01 17:19:24,0.965,0,5.27,0
2025-03-01 17:19:25,0.958,0,5.20,0
2025-03-01 17:19:26,0.958,0,5.20,0
2025-03-01 17:19:27,0.958,0,5.20,0
2025-03-01 17:19:28,0.958,0,5.20,0
2025-03-01 17:19:29,0.958,0,5.20,0
2025-03-01 17:19:30,0.958,0,5.20,0
2025-03-01 17:19:31,0.958,0,5.20,0
2025-03-01 17:19:32,0.958,0,5.20,0
2025-03-01 17:19:33,0.958,0,5.20,0
2025-03-01 17:19:34,0.958,0,5.20,0
2025-03-01 17:19:35,0.958,0,5.20,0
2025-03-01 17:19:36,0.958,0,5.20,0
2025-03-01 17:19:37,0.958,0,5.20,0
2025-03-01 17:19:38,0.958,0,5.20,0
2025-03-01 17:19:39,0.958,0,5.20,0
2025-03-01 17:19:40,0.958,0,5.20,0
2025-03-01 17:19:41,0.958,0,5.20,0
2025-03-01 17:19:42,0.958,0,5.20,0
2025-03-01 17:19:43,0.958,0,5.20,0
2025-03-01 17:19:44,0.958,0,5.20,0
2025-03-01 17:19:45,0.958,0,5.20,0
2025-03-01 17:19:46,0.958,0,5.20,0
2025-03-01 17:19:47,0.958,0,5.20,0
2025-03-01 17:19:48,0.958,0,5.20,0
2025-03-01 17:19:49,0.958,0,5.20,0
2025-03-01 17:19:50,0.958,0,5.20,0
2025-03-01 17:19:51,0.958,0,5.20,0
2025-03-01 17:19:52,0.958,0,5.20,0
2025-03-01 17:19:53,0.958,0,5.20,0
2025-03-01 17:19:54,0.958,0,5.20,0
2025-03-01 17:19:55,0.992,0,5.19,0
2025-03-01 17:19:56,0.992,0,5.19,0
2025-03-01 17:19:57,0.992,0,5.19,0
2025-03-01 17:19:58,0.992,0,5.19,0
2025-03-01 17:19:59,0.992,0,5.19,0
2025-03-01 17:20:00,0.992,0,5.19,0
2025-03-01 17:20:01,0.992,0,5.19,0
2025-03-01 17:20:02,0.992,0,5.19,0
2025-03-01 17:20:03,0.992,0,5.19,0
2025-03-01 17:20:04,0.992,0,5.19,0
2025-03-01 17:20:05,0.992,0,5.19,0
2025-03-01 17:20:06,0.992,0,5.19,0
2025-03-01 17:20:07,0.992,0,5.19,0
2025-03-01 17:20:08,0.992,0,5.19,0
2025-03-01 17:20:09,0.992,0,5.19,0
2025-03-01 17:20:10,0.992,0,5.19,0
2025-03-01 17:20:11,0.992,0,5.19,0
2025-03-01 17:20:12,0.992,0,5.19,0
2025-03-01 17:20:13,0.992,0,5.19,0
2025-03-01 17:20:14,0.992,0,5.19,0
2025-03-01 17:20:15,0.992,0,5.19,0
2025-03-01 17:20:16,0.992,0,5.19,0
2025-03-01 17:20:17,0.992,0,5.19,0
2025-03-01 17:20:18,0.992,0,5.19,0
2025-03-01 17:20:19,0.992,0,5.19,0
2025-03-01 17:20:20,0.992,0,5.19,0
2025-03-01 17:20:21,0.992,0,5.19,0
2025-03-01 17:20:22,0.992,0,5.19,0
2025-03-01 17:20:23,0.992,0,5.19,0
2025-03-01 17:20:24,0.992,0,5.19,0
2025-03-01 17:20:25,0.933,0,6.26,0
2025-03-01 17:20:26,0.933,0,6.26,0
2025-03-01 17:20:27,0.933,0,6.26,0
2025-03-01 17:20:28,0.933,0,6.26,0
2025-03-01 17:20:29,0.933,0,6.26,0
2025-03-01 17:20:30,0.933,0,6.26,0
2025-03-01 17:20:31,0.933,0,6.26,0
2025-03-01 17:20:32,0.933,0,6.26,0
2025-03-01 17:20:33,0.933,0,6.26,0
2025-03-01 17:20:34,0.933,0,6.26,0
2025-03-01 17:20:35,0.933,0,6.26,0
2025-03-01 17:20:36,0.933,0,6.26,0
2025-03-01 17:20:37,0.933,0,6.26,0
2025-03-01 17:20:38,0.933,0,6.26,0
2025-03-01 17:20:39,0.933,0,6.26,0
2025-03-01 17:20:40,0.933,0,6.26,0
2025-03-01 17:20:41,0.933,0,6.26,0
2025-03-01 17:20:42,0.933,0,6.26,0
2025-03-01 17:20:43,0.933,0,6.26,0
2025-03-01 17:20:44,0.933,0,6.26,0
2025-03-01 17:20:45,0.933,0,6.26,0
2025-03-01 17:20:46,0.933,0,6.26,0
2025-03-01 17:20:47,0.933,0,6.26,0
2025-03-01 17:20:48,0.933,0,6.26,0
2025-03-01 17:20:49,0.933,0,6.26,0
2025-03-01 17:20:50,0.933,0,6.26,0
2025-03-01 17:20:51,0.933,0,6.26,0
2025-03-01 17:20:52,0.933,0,6.26,0
2025-03-01 17:20:53,0.933,0,6.26,0
2025-03-01 17:20:54,0.933,0,6.26,0
2025-03-01 17:20:55,0.955,0,5.06,0
2025-03-01 17:20:56,0.955,0,5.06,0
2025-03-01 17:20:57,0.955,0,5.06,0
2025-03-01 17:20:58,0.955,0,5.06,0
2025-03-01 17:20:59,0.955,0,5.06,0
2025-03-01 17:21:00,0.955,0,5.06,0
2025-03-01 17:21:01,0.955,0,5.06,0
2025-03-01 17:21:02,0.955,0,5.06,0
2025-03-01 17:21:03,0.955,0,5.06,0
2025-03-01 17:21:04,0.955,0,5.06,0
2025-03-01 17:21:05,0.955,0,5.06,0
2025-03-01 17:21:06,0.955,0,5.06,0
2025-03-01 17:21:07,0.955,0,5.06,0
2025-03-01 17:21:08,0.955,0,5.06,0
2025-03-01 17:21:09,0.955,0,5.06,0
2025-03-01 17:21:10,0.955,0,5.06,0
2025-03-01 17:21:11,0.955,0,5.06,0
2025-03-01 17:21:12,0.955,0,5.06,0
2025-03-01 17:21:13,0.955,0,5.06,0
2025-03-01 17:21:14,0.955,0,5.06,0
2025-03-01 17:21:15,0.955,0,5.06,0
2025-03-01 17:21:16,0.955,0,5.06,0
2025-03-01 17:21:17,0.955,0,5.06,0
2025-03-01 17:21:18,0.955,0,5.06,0
2025-03-01 17:21:19,0.955,0,5.06,0
2025-03-01 17:21:20,0.955,0,5.06,0
2025-03-01 17:21:21,0.955,0,5.06,0
2025-03-01 17:21:22,0.955,0,5.06,0
2025-03-01 17:21:23,0.955,0,5.06,0
2025-03-01 17:21:24,0.955,0,5.06,0
2025-03-01 17:21:25,0.927,0,5.04,0
2025-03-01 17:21:26,0.927,0,5.04,0
2025-03-01 17:21:27,0.927,0,5.04,0
2025-03-01 17:21:28,0.927,0,5.04,0
2025-03-01 17:21:29,0.927,0,5.04,0
2025-03-01 17:21:30,0.927,0,5.04,0
2025-03-01 17:21:31,0.927,0,5.04,0
2025-03-01 17:21:32,0.927,0,5.04,0
2025-03-01 17:21:33,0.927,0,5.04,0
2025-03-01 17:21:34,0.927,0,5.04,0
2025-03-01 17:21:35,0.927,0,5.04,0
2025-03-01 17:21:36,0.927,0,5.04,0
2025-03-01 17:21:37,0.927,0,5.04,0
2025-03-01 17:21:38,0.927,0,5.04,0
2025-03-01 17:21:39,0.927,0,5.04,0
2025-03-01 17:21:40,0.927,0,5.04,0
2025-03-01 17:21:41,0.927,0,5.04,0
2025-03-01 17:21:42,0.927,0,5.04,0
2025-03-01 17:21:43,0.927,0,5.04,0
2025-03-01 17:21:44,0.927,0,5.04,0
2025-03-01 17:21:45,0.927,0,5.04,0
2025-03-01 17:21:46,0.927,0,5.04,0
2025-03-01 17:21:47,0.927,0,5.04,0
2025-03-01 17:21:48,0.927,0,5.04,0
2025-03-01 17:21:49,0.927,0,5.04,0
2025-03-01 17:21:50,0.927,0,5.04,0
2025-03-01 17:21:51,0.927,0,5.04,0
2025-03-01 17:21:52,0.927,0,5.04,0
2025-03-01 17:21:53,0.927,0,5.04,0
2025-03-01 17:21:54,0.927,0,5.04,0
2025-03-01 17:21:55,0.940,0,4.99,0
2025-03-01 17:21:56,0.940,0,4.99,0
2025-03-01 17:21:57,0.940,0,4.99,0
2025-03-01 17:21:58,0.940,0,4.99,0
2025-03-01 17:21:59,0.940,0,4.99,0
2025-03-01 17:22:00,0.940,0,4.99,0
2025-03-01 17:22:01,0.940,0,4.99,0
2025-03-01 17:22:02,0.940,0,4.99,0
2025-03-01 17:22:03,0.940,0,4.99,0
2025-03-01 17:22:04,0.940,0,4.99,0
2025-03-01 17:22:05,0.940,0,4.99,0
2025-03-01 17:22:06,0.940,0,4.99,0
2025-03-01 17:22:07,0.940,0,4.99,0
2025-03-01 17:22:08,0.940,0,4.99,0
2025-03-01 17:22:09,0.940,0,4.99,0
2025-03-01 17:22:10,0.940,0,4.99,0
2025-03-01 17:22:11,0.940,0,4.99,0
2025-03-01 17:22:12,0.940,0,4.99,0
2025-03-01 17:22:13,0.940,0,4.99,0
2025-03-01 17:22:14,0.940,0,4.99,0
2025-03-01 17:22:15,0.940,0,4.99,0
2025-03-01 17:22:16,0.940,0,4.99,0
2025-03-01 17:22:17,0.940,0,4.99,0
2025-03-01 17:22:18,0.940,0,4.99,0
2025-03-01 17:22:19,0.940,0,4.99,0
2025-03-01 17:22:20,0.940,0,4.99,0
2025-03-01 17:22:21,0.940,0,4.99,0
2025-03-01 17:22:22,0.940,0,4.99,0
2025-03-01 17:22:23,0.940,0,4.99,0
2025-03-01 17:22:24,0.940,0,4.99,0
2025-03-01 17:22:25,0.935,0,4.96,0
2025-03-01 17:22:26,0.935,0,4.96,0
2025-03-01 17:22:27,0.935,0,4.96,0
2025-03-01 17:22:28,0.935,0,4.96,0
2025-03-01 17:22:29,0.935,0,4.96,0
2025-03-01 17:22:30,0.935,0,4.96,0
2025-03-01 17:22:31,0.935,0,4.96,0
2025-03-01 17:22:32,0.935,0,4.96,0
2025-03-01 17:22:33,0.935,0,4.96,0
2025-03-01 17:22:34,0.935,0,4.96,0
2025-03-01 17:22:35,0.935,0,4.96,0
2025-03-01 17:22:36,0.935,0,4.96,0
2025-03-01 17:22:37,0.935,0,4.96,0
2025-03-01 17:22:38,0.935,0,4.96,0
2025-03-01 17:22:39,0.935,0,4.96,0
2025-03-01 17:22:40,0.935,0,4.96,0
2025-03-01 17:22:41,0.935,0,4.96,0
2025-03-01 17:22:42,0.935,0,4.96,0
2025-03-01 17:22:43,0.935,0,4.96,0
2025-03-01 17:22:44,0.935,0,4.96,0
2025-03-01 17:22:45,0.935,0,4.96,0
2025-03-01 17:22:46,0.935,0,4.96,0
2025-03-01 17:22:47,0.935,0,4.96,0
2025-03-01 17:22:48,0.935,0,4.96,0
2025-03-01 17:22:49,0.935,0,4.96,0
2025-03-01 17:22:50,0.935,0,4.96,0
2025-03-01 17:22:51,0.935,0,4.96,0
2025-03-01 17:22:52,0.935,0,4.96,0
2025-03-01 17:22:53,0.935,0,4.96,0
2025-03-01 17:22:54,0.935,0,4.96,0
2025-03-01 17:22:55,0.944,0,4.98,0
2025-03-01 17:22:56,0.944,0,4.98,0
2025-03-01 17:22:57,0.944,0,4.98,0
2025-03-01 17:22:58,0.944,0,4.98,0
2025-03-01 17:22:59,0.944,0,4.98,0
2025-03-01 17:23:00,0.944,0,4.98,0
2025-03-01 17:23:01,0.944,0,4.98,0
2025-03-01 17:23:02,0.944,0,4.98,0
2025-03-01 17:23:03,0.944,0,4.98,0
2025-03-01 17:23:04,0.944,0,4.98,0
2025-03-01 17:23:05,0.944,0,4.98,0
2025-03-01 17:23:06,0.944,0,4.98,0
2025-03-01 17:23:07,0.944,0,4.98,0
2025-03-01 17:23:08,0.944,0,4.98,0
2025-03-01 17:23:09,0.944,0,4.98,0
2025-03-01 17:23:10,0.944,0,4.98,0
2025-03-01 17:23:11,0.944,0,4.98,0
2025-03-01 17:23:12,0.944,0,4.98,0
2025-03-01 17:23:13,0.944,0,4.98,0
2025-03-01 17:23:14,0.944,0,4.98,0
2025-03-01 17:23:15,0.944,0,4.98,0
2025-03-01 17:23:16,0.944,0,4.98,0
2025-03-01 17:23:17,0.944,0,4.98,0
2025-03-01 17:23:18,0.944,0,4.98,0
2025-03-01 17:23:19,0.944,0,4.98,0
2025-03-01 17:23:20,0.944,0,4.98,0
2025-03-01 17:23:21,0.944,0,4.98,0
2025-03-01 17:23:22,0.944,0,4.98,0
2025-03-01 17:23:23,0.944,0,4.98,0
2025-03-01 17:23:24,0.944,0,4.98,0
2025-03-01 17:23:25,0.932,0,4.93,0
2025-03-01 17:23:26,0.932,0,4.93,0
2025-03-01 17:23:27,0.932,0,4.93,0
2025-03-01 17:23:28,0.932,0,4.93,0
2025-03-01 17:23:29,0.932,0,4.93,0
2025-03-01 17:23:30,0.932,0,4.93,0
2025-03-01 17:23:31,0.932,0,4.93,0
2025-03-01 17:23:32,0.932,0,4.93,0
2025-03-01 17:23:33,0.932,0,4.93,0
2025-03-01 17:23:34,0.932,0,4.93,0
2025-03-01 17:23:35,0.932,0,4.93,0
2025-03-01 17:23:36,0.932,0,4.93,0
2025-03-01 17:23:37,0.932,0,4.93,0
2025-03-01 17:23:38,0.932,0,4.93,0
2025-03-01 17:23:39,0.932,0,4.93,0
2025-03-01 17:23:40,0.932,0,4.93,0
2025-03-01 17:23:41,0.932,0,4.93,0
2025-03-01 17:23:42,0.932,0,4.93,0
2025-03-01 17:23:43,0.932,0,4.93,0
2025-03-01 17:23:44,0.932,0,4.93,0
2025-03-01 17:23:45,0.932,0,4.93,0
2025-03-01 17:23:46,0.932,0,4.93,0
2025-03-01 17:23:47,0.932,0,4.93,0
2025-03-01 17:23:48,0.932,0,4.93,0
2025-03-01 17:23:49,0.932,0,4.93,0
2025-03-01 17:23:50,0.932,0,4.93,0
2025-03-01 17:23:51,0.932,0,4.93,0
2025-03-01 17:23:52,0.932,0,4.93,0
2025-03-01 17:23:53,0.932,0,4.93,0
2025-03-01 17:23:54,0.932,0,4.93,0
2025-03-01 17:23:55,0.940,0,5.03,0
2025-03-01 17:23:56,0.940,0,5.03,0
2025-03-01 17:23:57,0.940,0,5.03,0
2025-03-01 17:23:58,0.940,0,5.03,0
2025-03-01 17:23:59,0.940,0,5.03,0
2025-03-01 17:24:00,0.940,0,5.03,0
2025-03-01 17:24:01,0.940,0,5.03,0
2025-03-01 17:24:02,0.940,0,5.03,0
2025-03-01 17:24:03,0.940,0,5.03,0
2025-03-01 17:24:04,0.940,0,5.03,0
2025-03-01 17:24:05,0.940,0,5.03,0
2025-03-01 17:24:06,0.940,0,5.03,0
2025-03-01 17:24:07,0.940,0,5.03,0
2025-03-01 17:24:08,0.940,0,5.03,0
2025-03-01 17:24:09,0.940,0,5.03,0
2025-03-01 17:24:10,0.940,0,5.03,0
2025-03-01 17:24:11,0.940,0,5.03,0
2025-03-01 17:24:12,0.940,0,5.03,0
2025-03-01 17:24:13,0.940,0,5.03,0
2025-03-01 17:24:14,0.940,0,5.03,0
2025-03-01 17:24:15,0.940,0,5.03,0
2025-03-01 17:24:16,0.940,0,5.03,0
2025-03-01 17:24:17,0.940,0,5.03,0
2025-03-01 17:24:18,0.940,0,5.03,0
2025-03-01 17:24:19,0.940,0,5.03,0
2025-03-01 17:24:20,0.940,0,5.03,0
2025-03-01 17:24:21,0.940,0,5.03,0
2025-03-01 17:24:22,0.940,0,5.03,0
2025-03-01 17:24:23,0.940,0,5.03,0
2025-03-01 17:24:24,0.940,0,5.03,0
2025-03-01 17:24:25,0.916,0,4.92,0
2025-03-01 17:24:26,0.916,0,4.92,0
2025-03-01 17:24:27,0.916,0,4.92,0
2025-03-01 17:24:28,0.916,0,4.92,0
2025-03-01 17:24:29,0.916,0,4.92,0
2025-03-01 17:24:30,0.916,0,4.92,0
2025-03-01 17:24:31,0.916,0,4.92,0
2025-03-01 17:24:32,0.916,0,4.92,0
2025-03-01 17:24:33,0.916,0,4.92,0
2025-03-01 17:24:34,0.916,0,4.92,0
2025-03-01 17:24:35,0.916,0,4.92,0
2025-03-01 17:24:36,0.916,0,4.92,0
2025-03-01 17:24:37,0.916,0,4.92,0
2025-03-01 17:24:38,0.916,0,4.92,0
2025-03-01 17:24:39,0.916,0,4.92,0
2025-03-01 17:24:40,0.916,0,4.92,0
2025-03-01 17:24:41,0.916,0,4.92,0
2025-03-01 17:24:42,0.916,0,4.92,0
2025-03-01 17:24:43,0.916,0,4.92,0
2025-03-01 17:24:44,0.916,0,4.92,0
2025-03-01 17:24:45,0.916,0,4.92,0
2025-03-01 17:24:46,0.916,0,4.92,0
2025-03-01 17:24:47,0.916,0,4.92,0
2025-03-01 17:24:48,0.916,0,4.92,0
2025-03-01 17:24:49,0.916,0,4.92,0
2025-03-01 17:24:50,0.916,0,4.92,0
2025-03-01 17:24:51,0.916,0,4.92,0
2025-03-01 17:24:52,0.916,0,4.92,0
2025-03-01 17:24:53,0.916,0,4.92,0
2025-03-01 17:24:54,0.916,0,4.92,0
2025-03-01 17:24:55,0.927,0,4.96,0
2025-03-01 17:24:56,0.927,0,4.96,0
2025-03-01 17:24:57,0.927,0,4.96,0
2025-03-01 17:24:58,0.927,0,4.96,0
2025-03-01 17:24:59,0.927,0,4.96,0
2025-03-01 17:25:00,0.927,0,4.96,0
2025-03-01 17:25:01,0.927,0,4.96,0
2025-03-01 17:25:02,0.927,0,4.96,0
2025-03-01 17:25:03,0.927,0,4.96,0
2025-03-01 17:25:04,0.927,0,4.96,0
2025-03-01 17:25:05,0.927,0,4.96,0
2025-03-01 17:25:06,0.927,0,4.96,0
2025-03-01 17:25:07,0.927,0,4.96,0
2025-03-01 17:25:08,0.927,0,4.96,0
2025-03-01 17:25:09,0.927,0,4.96,0
2025-03-01 17:25:10,0.927,0,4.96,0
2025-03-01 17:25:11,0.927,0,4.96,0
2025-03-01 17:25:12,0.927,0,4.96,0
2025-03-01 17:25:13,0.927,0,4.96,0
2025-03-01 17:25:14,0.927,0,4.96,0
2025-03-01 17:25:15,0.927,0,4.96,0
2025-03-01 17:25:16,0.927,0,4.96,0
2025-03-01 17:25:17,0.927,0,4.96,0
2025-03-01 17:25:18,0.927,0,4.96,0
2025-03-01 17:25:19,0.927,0,4.96,0
2025-03-01 17:25:20,0.927,0,4.96,0
2025-03-01 17:25:21,0.927,0,4.96,0
2025-03-01 17:25:22,0.927,0,4.96,0
2025-03-01 17:25:23,0.927,0,4.96,0
2025-03-01 17:25:24,0.927,0,4.96,0
2025-03-01 17:25:25,0.922,0,4.95,0
2025-03-01 17:25:26,0.922,0,4.95,0
2025-03-01 17:25:27,0.922,0,4.95,0
2025-03-01 17:25:28,0.922,0,4.95,0
2025-03-01 17:25:29,0.922,0,4.95,0
2025-03-01 17:25:30,0.922,0,4.95,0
2025-03-01 17:25:31,0.922,0,4.95,0
2025-03-01 17:25:32,0.922,0,4.95,0
2025-03-01 17:25:33,0.922,0,4.95,0
2025-03-01 17:25:34,0.922,0,4.95,0
2025-03-01 17:25:35,0.922,0,4.95,0
2025-03-01 17:25:36,0.922,0,4.95,0
2025-03-01 17:25:37,0.922,0,4.95,0
2025-03-01 17:25:38,0.922,0,4.95,0
2025-03-01 17:25:39,0.922,0,4.95,0
2025-03-01 17:25:40,0.922,0,4.95,0
2025-03-01 17:25:41,0.922,0,4.95,0
2025-03-01 17:25:42,0.922,0,4.95,0
2025-03-01 17:25:43,0.922,0,4.95,0
2025-03-01 17:25:44,0.922,0,4.95,0
2025-03-01 17:25:45,0.922,0,4.95,0
2025-03-01 17:25:46,0.922,0,4.95,0
2025-03-01 17:25:47,0.922,0,4.95,0
2025-03-01 17:25:48,0.922,0,4.95,0
2025-03-01 17:25:49,0.922,0,4.95,0
2025-03-01 17:25:50,0.922,0,4.95,0
2025-03-01 17:25:51,0.922,0,4.95,0
2025-03-01 17:25:52,0.922,0,4.95,0
2025-03-01 17:25:53,0.922,0,4.95,0
2025-03-01 17:25:54,0.922,0,4.95,0
2025-03-01 17:25:55,0.935,0,5.06,0
2025-03-01 17:25:56,0.935,0,5.06,0
2025-03-01 17:25:57,0.935,0,5.06,0
2025-03-01 17:25:58,0.935,0,5.06,0
2025-03-01 17:25:59,0.935,0,5.06,0
2025-03-01 17:26:00,0.935,0,5.06,0
2025-03-01 17:26:01,0.935,0,5.06,0
2025-03-01 17:26:02,0.935,0,5.06,0
2025-03-01 17:26:03,0.935,0,5.06,0
2025-03-01 17:26:04,0.935,0,5.06,0
2025-03-01 17:26:05,0.935,0,5.06,0
2025-03-01 17:26:06,0.935,0,5.06,0
2025-03-01 17:26:07,0.935,0,5.06,0
2025-03-01 17:26:08,0.935,0,5.06,0
2025-03-01 17:26:09,0.935,0,5.06,0
2025-03-01 17:26:10,0.935,0,5.06,0
2025-03-01 17:26:11,0.935,0,5.06,0
2025-03-01 17:26:12,0.935,0,5.06,0
2025-03-01 17:26:13,0.935,0,5.06,0
2025-03-01 17:26:14,0.935,0,5.06,0
2025-03-01 17:26:15,0.935,0,5.06,0
2025-03-01 17:26:16,0.935,0,5.06,0
2025-03-01 17:26:17,0.935,0,5.06,0
2025-03-01 17:26:18,0.935,0,5.06,0
2025-03-01 17:26:19,0.935,0,5.06,0
2025-03-01 17:26:20,0.935,0,5.06,0
2025-03-01 17:26:21,0.935,0,5.06,0
2025-03-01 17:26:22,0.935,0,5.06,0
2025-03-01 17:26:23,0.935,0,5.06,0
2025-03-01 17:26:24,0.935,0,5.06,0
2025-03-01 17:26:25,0.926,0,4.93,0
2025-03-01 17:26:26,0.926,0,4.93,0
2025-03-01 17:26:27,0.926,0,4.93,0
2025-03-01 17:26:28,0.926,0,4.93,0
2025-03-01 17:26:29,0.926,0,4.93,0
2025-03-01 17:26:30,0.926,0,4.93,0
2025-03-01 17:26:31,0.926,0,4.93,0
2025-03-01 17:26:32,0.926,0,4.93,0
2025-03-01 17:26:33,0.926,0,4.93,0
2025-03-01 17:26:34,0.926,0,4.93,0
2025-03-01 17:26:35,0.926,0,4.93,0
2025-03-01 17:26:36,0.926,0,4.93,0
2025-03-01 17:26:37,0.926,0,4.93,0
2025-03-01 17:26:38,0.926,0,4.93,0
2025-03-01 17:26:39,0.926,0,4.93,0
2025-03-01 17:26:40,0.926,0,4.93,0
2025-03-01 17:26:41,0.926,0,4.93,0
2025-03-01 17:26:42,0.926,0,4.93,0
2025-03-01 17:26:43,0.926,0,4.93,0
2025-03-01 17:26:44,0.926,0,4.93,0
2025-03-01 17:26:45,0.926,0,4.93,0
2025-03-01 17:26:46,0.926,0,4.93,0
2025-03-01 17:26:47,0.926,0,4.93,0
2025-03-01 17:26:48,0.926,0,4.93,0
2025-03-01 17:26:49,0.926,0,4.93,0
2025-03-01 17:26:50,0.926,0,4.93,0
2025-03-01 17:26:51,0.926,0,4.93,0
2025-03-01 17:26:52,0.926,0,4.93,0
2025-03-01 17:26:53,0.926,0,4.93,0
2025-03-01 17:26:54,0.926,0,4.93,0
2025-03-01 17:26:55,0.941,0,5.05,0
2025-03-01 17:26:56,0.941,0,5.05,0
2025-03-01 17:26:57,0.941,0,5.05,0
2025-03-01 17:26:58,0.941,0,5.05,0
2025-03-01 17:26:59,0.941,0,5.05,0
2025-03-01 17:27:00,0.941,0,5.05,0
2025-03-01 17:27:01,0.941,0,5.05,0
2025-03-01 17:27:02,0.941,0,5.05,0
2025-03-01 17:27:03,0.941,0,5.05,0
2025-03-01 17:27:04,0.941,0,5.05,0
2025-03-01 17:27:05,0.941,0,5.05,0
2025-03-01 17:27:06,0.941,0,5.05,0
2025-03-01 17:27:07,0.941,0,5.05,0
2025-03-01 17:27:08,0.941,0,5.05,0
2025-03-01 17:27:09,0.941,0,5.05,0
2025-03-01 17:27:10,0.941,0,5.05,0
2025-03-01 17:27:11,0.941,0,5.05,0
2025-03-01 17:27:12,0.941,0,5.05,0
2025-03-01 17:27:13,0.941,0,5.05,0
2025-03-01 17:27:14,0.941,0,5.05,0
2025-03-01 17:27:15,0.941,0,5.05,0
2025-03-01 17:27:16,0.941,0,5.05,0
2025-03-01 17:27:17,0.941,0,5.05,0
2025-03-01 17:27:18,0.941,0,5.05,0
2025-03-01 17:27:19,0.941,0,5.05,0
2025-03-01 17:27:20,0.941,0,5.05,0
2025-03-01 17:27:21,0.941,0,5.05,0
2025-03-01 17:27:22,0.941,0,5.05,0
2025-03-01 17:27:23,0.941,0,5.05,0
2025-03-01 17:27:24,0.941,0,5.05,0
2025-03-01 17:27:25,0.931,0,4.93,0
2025-03-01 17:27:26,0.931,0,4.93,0
2025-03-01 17:27:27,0.931,0,4.93,0
2025-03-01 17:27:28,0.931,0,4.93,0
2025-03-01 17:27:29,0.931,0,4.93,0
2025-03-01 17:27:30,0.931,0,4.93,0
2025-03-01 17:27:31,0.931,0,4.93,0
2025-03-01 17:27:32,0.931,0,4.93,0
2025-03-01 17:27:33,0.931,0,4.93,0
2025-03-01 17:27:34,0.931,0,4.93,0
2025-03-01 17:27:35,0.931,0,4.93,0
2025-03-01 17:27:36,0.931,0,4.93,0
2025-03-01 17:27:37,0.931,0,4.93,0
2025-03-01 17:27:38,0.931,0,4.93,0
2025-03-01 17:27:39,0.931,0,4.93,0
2025-03-01 17:27:40,0.931,0,4.93,0
2025-03-01 17:27:41,0.931,0,4.93,0
2025-03-01 17:27:42,0.931,0,4.93,0
2025-03-01 17:27:43,0.931,0,4.93,0
2025-03-01 17:27:44,0.931,0,4.93,0
2025-03-01 17:27:45,0.931,0,4.93,0
2025-03-01 17:27:46,0.931,0,4.93,0
2025-03-01 17:27:47,0.931,0,4.93,0
2025-03-01 17:27:48,0.931,0,4.93,0
2025-03-01 17:27:49,0.931,0,4.93,0
2025-03-01 17:27:50,0.931,0,4.93,0
2025-03-01 17:27:51,0.931,0,4.93,0
2025-03-01 17:27:52,0.931,0,4.93,0
2025-03-01 17:27:53,0.931,0,4.93,0
2025-03-01 17:27:54,0.931,0,4.93,0
2025-03-01 17:27:55,0.934,0,5.06,0
2025-03-01 17:27:56,0.934,0,5.06,0
2025-03-01 17:27:57,0.934,0,5.06,0
2025-03-01 17:27:58,0.934,0,5.06,0
2025-03-01 17:27:59,0.934,0,5.06,0
2025-03-01 17:28:00,0.934,0,5.06,0
2025-03-01 17:28:01,0.934,0,5.06,0
2025-03-01 17:28:02,0.934,0,5.06,0
2025-03-01 17:28:03,0.934,0,5.06,0
2025-03-01 17:28:04,0.934,0,5.06,0
2025-03-01 17:28:05,0.934,0,5.06,0
2025-03-01 17:28:06,0.934,0,5.06,0
2025-03-01 17:28:07,0.934,0,5.06,0
2025-03-01 17:28:08,0.934,0,5.06,0
2025-03-01 17:28:09,0.934,0,5.06,0
2025-03-01 17:28:10,0.934,0,5.06,0
2025-03-01 17:28:11,0.934,0,5.06,0
2025-03-01 17:28:12,0.934,0,5.06,0
2025-03-01 17:28:13,0.934,0,5.06,0
2025-03-01 17:28:14,0.934,0,5.06,0
2025-03-01 17:28:15,0.934,0,5.06,0
2025-03-01 17:28:16,0.934,0,5.06,0
2025-03-01 17:28:17,0.934,0,5.06,0
2025-03-01 17:28:18,0.934,0,5.06,0
2025-03-01 17:28:19,0.934,0,5.06,0
2025-03-01 17:28:20,0.934,0,5.06,0
2025-03-01 17:28:21,0.934,0,5.06,0
2025-03-01 17:28:22,0.934,0,5.06,0
2025-03-01 17:28:23,0.934,0,5.06,0
2025-03-01 17:28:24,0.934,0,5.06,0
2025-03-01 17:28:25,0.930,0,4.86,0
2025-03-01 17:28:26,0.930,0,4.86,0
2025-03-01 17:28:27,0.930,0,4.86,0
2025-03-01 17:28:28,0.930,0,4.86,0
2025-03-01 17:28:29,0.930,0,4.86,0
2025-03-01 17:28:30,0.930,0,4.86,0
2025-03-01 17:28:31,0.930,0,4.86,0
2025-03-01 17:28:32,0.930,0,4.86,0
2025-03-01 17:28:33,0.930,0,4.86,0
2025-03-01 17:28:34,0.930,0,4.86,0
2025-03-01 17:28:35,0.930,0,4.86,0
2025-03-01 17:28:36,0.930,0,4.86,0
2025-03-01 17:28:37,0.930,0,4.86,0
2025-03-01 17:28:38,0.930,0,4.86,0
2025-03-01 17:28:39,0.930,0,4.86,0
2025-03-01 17:28:40,0.930,0,4.86,0
2025-03-01 17:28:41,0.930,0,4.86,0
2025-03-01 17:28:42,0.930,0,4.86,0
2025-03-01 17:28:43,0.930,0,4.86,0
2025-03-01 17:28:44,0.930,0,4.86,0
2025-03-01 17:28:45,0.930,0,4.86,0
2025-03-01 17:28:46,0.930,0,4.86,0
2025-03-01 17:28:47,0.930,0,4.86,0
2025-03-01 17:28:48,0.930,0,4.86,0
2025-03-01 17:28:49,0.930,0,4.86,0
2025-03-01 17:28:50,0.930,0,4.86,0
2025-03-01 17:28:51,0.930,0,4.86,0
2025-03-01 17:28:52,0.930,0,4.86,0
2025-03-01 17:28:53,0.930,0,4.86,0
2025-03-01 17:28:54,0.930,0,4.86,0
2025-03-01 17:28:55,0.936,0,5.04,0
2025-03-01 17:28:56,0.936,0,5.04,0
2025-03-01 17:28:57,0.936,0,5.04,0
2025-03-01 17:28:58,0.936,0,5.04,0
2025-03-01 17:28:59,0.936,0,5.04,0
2025-03-01 17:29:00,0.936,0,5.04,0
2025-03-01 17:29:01,0.936,0,5.04,0
2025-03-01 17:29:02,0.936,0,5.04,0
2025-03-01 17:29:03,0.936,0,5.04,0
2025-03-01 17:29:04,0.936,0,5.04,0
2025-03-01 17:29:05,0.936,0,5.04,0
2025-03-01 17:29:06,0.936,0,5.04,0
2025-03-01 17:29:07,0.936,0,5.04,0
2025-03-01 17:29:08,0.936,0,5.04,0
2025-03-01 17:29:09,0.936,0,5.04,0
2025-03-01 17:29:10,0.936,0,5.04,0
2025-03-01 17:29:11,0.936,0,5.04,0
2025-03-01 17:29:12,0.936,0,5.04,0
2025-03-01 17:29:13,0.936,0,5.04,0
2025-03-01 17:29:14,0.936,0,5.04,0
2025-03-01 17:29:15,0.936,0,5.04,0
2025-03-01 17:29:16,0.936,0,5.04,0
2025-03-01 17:29:17,0.936,0,5.04,0
2025-03-01 17:29:18,0.936,0,5.04,0
2025-03-01 17:29:19,0.936,0,5.04,0
2025-03-01 17:29:20,0.936,0,5.04,0
2025-03-01 17:29:21,0.936,0,5.04,0
2025-03-01 17:29:22,0.936,0,5.04,0
2025-03-01 17:29:23,0.936,0,5.04,0
2025-03-01 17:29:24,0.936,0,5.04,0
2025-03-01 17:29:25,0.918,0,4.89,0
2025-03-01 17:29:26,0.918,0,4.89,0
2025-03-01 17:29:27,0.918,0,4.89,0
2025-03-01 17:29:28,0.918,0,4.89,0
2025-03-01 17:29:29,0.918,0,4.89,0
2025-03-01 17:29:30,0.918,0,4.89,0
2025-03-01 17:29:31,0.918,0,4.89,0
2025-03-01 17:29:32,0.918,0,4.89,0
2025-03-01 17:29:33,0.918,0,4.89,0
2025-03-01 17:29:34,0.918,0,4.89,0
2025-03-01 17:29:35,0.918,0,4.89,0
2025-03-01 17:29:36,0.918,0,4.89,0
2025-03-01 17:29:37,0.918,0,4.89,0
2025-03-01 17:29:38,0.918,0,4.89,0
2025-03-01 17:29:39,0.918,0,4.89,0
2025-03-01 17:29:40,0.918,0,4.89,0
2025-03-01 17:29:41,0.918,0,4.89,0
2025-03-01 17:29:42,0.918,0,4.89,0
2025-03-01 17:29:43,0.918,0,4.89,0
2025-03-01 17:29:44,0.918,0,4.89,0
2025-03-01 17:29:45,0.918,0,4.89,0
2025-03-01 17:29:46,0.918,0,4.89,0
2025-03-01 17:29:47,0.918,0,4.89,0
2025-03-01 17:29:48,0.918,0,4.89,0
2025-03-01 17:29:49,0.918,0,4.89,0
2025-03-01 17:29:50,0.918,0,4.89,0
2025-03-01 17:29:51,0.918,0,4.89,0
2025-03-01 17:29:52,0.918,0,4.89,0
2025-03-01 17:29:53,0.918,0,4.89,0
2025-03-01 17:29:54,0.918,0,4.89,0
2025-03-01 17:29:55,0.948,0,4.99,0
2025-03-01 17:29:56,0.948,0,4.99,0
2025-03-01 17:29:57,0.948,0,4.99,0
2025-03-01 17:29:58,0.948,0,4.99,0
2025-03-01 17:29:59,0.948,0,4.99,0
2025-03-01 17:30:00,0.948,0,4.99,0
2025-03-01 17:30:01,0.948,0,4.99,0
2025-03-01 17:30:02,0.948,0,4.99,0
2025-03-01 17:30:03,0.948,0,4.99,0
2025-03-01 17:30:04,0.948,0,4.99,0
2025-03-01 17:30:05,0.948,0,4.99,0
2025-03-01 17:30:06,0.948,0,4.99,0
2025-03-01 17:30:07,0.948,0,4.99,0
2025-03-01 17:30:08,0.948,0,4.99,0
2025-03-01 17:30:09,0.948,0,4.99,0
2025-03-01 17:30:10,0.948,0,4.99,0
2025-03-01 17:30:11,0.948,0,4.99,0
2025-03-01 17:30:12,0.948,0,4.99,0
2025-03-01 17:30:13,0.948,0,4.99,0
2025-03-01 17:30:14,0.948,0,4.99,0
2025-03-01 17:30:15,0.948,0,4.99,0
2025-03-01 17:30:16,0.948,0,4.99,0
2025-03-01 17:30:17,0.948,0,4.99,0
2025-03-01 17:30:18,0.948,0,4.99,0
2025-03-01 17:30:19,0.948,0,4.99,0
2025-03-01 17:30:20,0.948,0,4.99,0
2025-03-01 17:30:21,0.948,0,4.99,0
2025-03-01 17:30:22,0.948,0,4.99,0
2025-03-01 17:30:23,0.948,0,4.99,0
2025-03-01 17:30:24,0.948,0,4.99,0
2025-03-01 17:30:25,0.933,0,4.96,0
2025-03-01 17:30:26,0.933,0,4.96,0
2025-03-01 17:30:27,0.933,0,4.96,0
2025-03-01 17:30:28,0.933,0,4.96,0
2025-03-01 17:30:29,0.933,0,4.96,0
2025-03-01 17:30:30,0.933,0,4.96,0
2025-03-01 17:30:31,0.933,0,4.96,0
2025-03-01 17:30:32,0.933,0,4.96,0
2025-03-01 17:30:33,0.933,0,4.96,0
2025-03-01 17:30:34,0.933,0,4.96,0
2025-03-01 17:30:35,0.933,0,4.96,0
2025-03-01 17:30:36,0.933,0,4.96,0
2025-03-01 17:30:37,0.933,0,4.96,0
2025-03-01 17:30:38,0.933,0,4.96,0
2025-03-01 17:30:39,0.933,0,4.96,0
2025-03-01 17:30:40,0.933,0,4.96,0
2025-03-01 17:30:41,0.933,0,4.96,0
2025-03-01 17:30:42,0.933,0,4.96,0
2025-03-01 17:30:43,0.933,0,4.96,0
2025-03-01 17:30:44,0.933,0,4.96,0
2025-03-01 17:30:45,0.933,0,4.96,0
2025-03-01 17:30:46,0.933,0,4.96,0
2025-03-01 17:30:47,0.933,0,4.96,0
2025-03-01 17:30:48,0.933,0,4.96,0
2025-03-01 17:30:49,0.933,0,4.96,0
2025-03-01 17:30:50,0.933,0,4.96,0
2025-03-01 17:30:51,0.933,0,4.96,0
2025-03-01 17:30:52,0.933,0,4.96,0
2025-03-01 17:30:53,0.933,0,4.96,0
2025-03-01 17:30:54,0.933,0,4.96,0
2025-03-01 17:30:55,0.933,0,4.90,0
2025-03-01 17:30:56,0.933,0,4.90,0
2025-03-01 17:30:57,0.933,0,4.90,0
2025-03-01 17:30:58,0.933,0,4.90,0
2025-03-01 17:30:59,0.933,0,4.90,0
2025-03-01 17:31:00,0.933,0,4.90,0
2025-03-01 17:31:01,0.933,0,4.90,0
2025-03-01 17:31:02,0.933,0,4.90,0
2025-03-01 17:31:03,0.933,0,4.90,0
2025-03-01 17:31:04,0.933,0,4.90,0
2025-03-01 17:31:05,0.933,0,4.90,0
2025-03-01 17:31:06,0.933,0,4.90,0
2025-03-01 17:31:07,0.933,0,4.90,0
2025-03-01 17:31:08,0.933,0,4.90,0
2025-03-01 17:31:09,0.933,0,4.90,0
2025-03-01 17:31:10,0.933,0,4.90,0
2025-03-01 17:31:11,0.933,0,4.90,0
2025-03-01 17:31:12,0.933,0,4.90,0
2025-03-01 17:31:13,0.933,0,4.90,0
2025-03-01 17:31:14,0.933,0,4.90,0
2025-03-01 17:31:15,0.933,0,4.90,0
2025-03-01 17:31:16,0.933,0,4.90,0
2025-03-01 17:31:17,0.933,0,4.90,0
2025-03-01 17:31:18,0.933,0,4.90,0
2025-03-01 17:31:19,0.933,0,4.90,0
2025-03-01 17:31:20,0.933,0,4.90,0
2025-03-01 17:31:21,0.933,0,4.90,0
2025-03-01 17:31:22,0.933,0,4.90,0
2025-03-01 17:31:23,0.933,0,4.90,0
2025-03-01 17:31:24,0.933,0,4.90,0
2025-03-01 17:31:25,0.940,0,4.95,0
2025-03-01 17:31:26,0.940,0,4.95,0
2025-03-01 17:31:27,0.940,0,4.95,0
2025-03-01 17:31:28,0.940,0,4.95,0
2025-03-01 17:31:29,0.940,0,4.95,0
2025-03-01 17:31:30,0.940,0,4.95,0
2025-03-01 17:31:31,0.940,0,4.95,0
2025-03-01 17:31:32,0.940,0,4.95,0
2025-03-01 17:31:33,0.940,0,4.95,0
2025-03-01 17:31:34,0.940,0,4.95,0
2025-03-01 17:31:35,0.940,0,4.95,0
2025-03-01 17:31:36,0.940,0,4.95,0
2025-03-01 17:31:37,0.940,0,4.95,0
2025-03-01 17:31:38,0.940,0,4.95,0
2025-03-01 17:31:39,0.940,0,4.95,0
2025-03-01 17:31:40,0.940,0,4.95,0
2025-03-01 17:31:41,0.940,0,4.95,0
2025-03-01 17:31:42,0.940,0,4.95,0
2025-03-01 17:31:43,0.940,0,4.95,0
2025-03-01 17:31:44,0.940,0,4.95,0
2025-03-01 17:31:45,0.940,0,4.95,0
2025-03-01 17:31:46,0.940,0,4.95,0
2025-03-01 17:31:47,0.940,0,4.95,0
2025-03-01 17:31:48,0.940,0,4.95,0
2025-03-01 17:31:49,0.940,0,4.95,0
2025-03-01 17:31:50,0.940,0,4.95,0
2025-03-01 17:31:51,0.940,0,4.95,0
2025-03-01 17:31:52,0.940,0,4.95,0
2025-03-01 17:31:53,0.940,0,4.95,0
2025-03-01 17:31:54,0.940,0,4.95,0
2025-03-01 17:31:55,0.923,0,4.96,0
2025-03-01 17:31:56,0.923,0,4.96,0
2025-03-01 17:31:57,0.923,0,4.96,0
2025-03-01 17:31:58,0.923,0,4.96,0
2025-03-01 17:31:59,0.923,0,4.96,0
2025-03-01 17:32:00,0.923,0,4.96,0
2025-03-01 17:32:01,0.923,0,4.96,0
2025-03-01 17:32:02,0.923,0,4.96,0
2025-03-01 17:32:03,0.923,0,4.96,0
2025-03-01 17:32:04,0.923,0,4.96,0
2025-03-01 17:32:05,0.923,0,4.96,0
2025-03-01 17:32:06,0.923,0,4.96,0
2025-03-01 17:32:07,0.923,0,4.96,0
2025-03-01 17:32:08,0.923,0,4.96,0
2025-03-01 17:32:09,0.923,0,4.96,0
2025-03-01 17:32:10,0.923,0,4.96,0
2025-03-01 17:32:11,0.923,0,4.96,0
2025-03-01 17:32:12,0.923,0,4.96,0
2025-03-01 17:32:13,0.923,0,4.96,0
2025-03-01 17:32:14,0.923,0,4.96,0
2025-03-01 17:32:15,0.923,0,4.96,0
2025-03-01 17:32:16,0.923,0,4.96,0
2025-03-01 17:32:17,0.923,0,4.96,0
2025-03-01 17:32:18,0.923,0,4.96,0
2025-03-01 17:32:19,0.923,0,4.96,0
2025-03-01 17:32:20,0.923,0,4.96,0
2025-03-01 17:32:21,0.923,0,4.96,0
2025-03-01 17:32:22,0.923,0,4.96,0
2025-03-01 17:32:23,0.923,0,4.96,0
2025-03-01 17:32:24,0.923,0,4.96,0
2025-03-01 17:32:25,0.921,0,4.95,0
2025-03-01 17:32:26,0.921,0,4.95,0
2025-03-01 17:32:27,0.921,0,4.95,0
2025-03-01 17:32:28,0.921,0,4.95,0
2025-03-01 17:32:29,0.921,0,4.95,0
2025-03-01 17:32:30,0.921,0,4.95,0
2025-03-01 17:32:31,0.921,0,4.95,0
2025-03-01 17:32:32,0.921,0,4.95,0
2025-03-01 17:32:33,0.921,0,4.95,0
2025-03-01 17:32:34,0.921,0,4.95,0
2025-03-01 17:32:35,0.921,0,4.95,0
2025-03-01 17:32:36,0.921,0,4.95,0
2025-03-01 17:32:37,0.921,0,4.95,0
2025-03-01 17:32:38,0.921,0,4.95,0
2025-03-01 17:32:39,0.921,0,4.95,0
2025-03-01 17:32:40,0.921,0,4.95,0
2025-03-01 17:32:41,0.921,0,4.95,0
2025-03-01 17:32:42,0.921,0,4.95,0
2025-03-01 17:32:43,0.921,0,4.95,0
2025-03-01 17:32:44,0.921,0,4.95,0
2025-03-01 17:32:45,0.921,0,4.95,0
2025-03-01 17:32:46,0.921,0,4.95,0
2025-03-01 17:32:47,0.921,0,4.95,0
2025-03-01 17:32:48,0.921,0,4.95,0
2025-03-01 17:32:49,0.921,0,4.95,0
2025-03-01 17:32:50,0.921,0,4.95,0
2025-03-01 17:32:51,0.921,0,4.95,0
2025-03-01 17:32:52,0.921,0,4.95,0
2025-03-01 17:32:53,0.921,0,4.95,0
2025-03-01 17:32:54,0.921,0,4.95,0
2025-03-01 17:32:55,0.927,0,4.93,0
2025-03-01 17:32:56,0.927,0,4.93,0
2025-03-01 17:32:57,0.927,0,4.93,0
2025-03-01 17:32:58,0.927,0,4.93,0
2025-03-01 17:32:59,0.927,0,4.93,0
2025-03-01 17:33:00,0.927,0,4.93,0
2025-03-01 17:33:01,0.927,0,4.93,0
2025-03-01 17:33:02,0.927,0,4.93,0
2025-03-01 17:33:03,0.927,0,4.93,0
2025-03-01 17:33:04,0.927,0,4.93,0
2025-03-01 17:33:05,0.927,0,4.93,0
2025-03-01 17:33:06,0.927,0,4.93,0
2025-03-01 17:33:07,0.927,0,4.93,0
2025-03-01 17:33:08,0.927,0,4.93,0
2025-03-01 17:33:09,0.927,0,4.93,0
2025-03-01 17:33:10,0.927,0,4.93,0
2025-03-01 17:33:11,0.927,0,4.93,0
2025-03-01 17:33:12,0.927,0,4.93,0
2025-03-01 17:33:13,0.927,0,4.93,0
2025-03-01 17:33:14,0.927,0,4.93,0
2025-03-01 17:33:15,0.927,0,4.93,0
2025-03-01 17:33:16,0.927,0,4.93,0
2025-03-01 17:33:17,0.927,0,4.93,0
2025-03-01 17:33:18,0.927,0,4.93,0
2025-03-01 17:33:19,0.927,0,4.93,0
2025-03-01 17:33:20,0.927,0,4.93,0
2025-03-01 17:33:21,0.927,0,4.93,0
2025-03-01 17:33:22,0.927,0,4.93,0
2025-03-01 17:33:23,0.927,0,4.93,0
2025-03-01 17:33:24,0.927,0,4.93,0
2025-03-01 17:33:25,0.923,0,4.96,0
2025-03-01 17:33:26,0.923,0,4.96,0
2025-03-01 17:33:27,0.923,0,4.96,0
2025-03-01 17:33:28,0.923,0,4.96,0
2025-03-01 17:33:29,0.923,0,4.96,0
2025-03-01 17:33:30,0.923,0,4.96,0
2025-03-01 17:33:31,0.923,0,4.96,0
2025-03-01 17:33:32,0.923,0,4.96,0
2025-03-01 17:33:33,0.923,0,4.96,0
2025-03-01 17:33:34,0.923,0,4.96,0
2025-03-01 17:33:35,0.923,0,4.96,0
2025-03-01 17:33:36,0.923,0,4.96,0
2025-03-01 17:33:37,0.923,0,4.96,0
2025-03-01 17:33:38,0.923,0,4.96,0
2025-03-01 17:33:39,0.923,0,4.96,0
2025-03-01 17:33:40,0.923,0,4.96,0
2025-03-01 17:33:41,0.923,0,4.96,0
2025-03-01 17:33:42,0.923,0,4.96,0
2025-03-01 17:33:43,0.923,0,4.96,0
2025-03-01 17:33:44,0.923,0,4.96,0
2025-03-01 17:33:45,0.923,0,4.96,0
2025-03-01 17:33:46,0.923,0,4.96,0
2025-03-01 17:33:47,0.923,0,4.96,0
2025-03-01 17:33:48,0.923,0,4.96,0
2025-03-01 17:33:49,0.923,0,4.96,0
2025-03-01 17:33:50,0.923,0,4.96,0
2025-03-01 17:33:51,0.923,0,4.96,0
2025-03-01 17:33:52,0.923,0,4.96,0
2025-03-01 17:33:53,0.923,0,4.96,0
2025-03-01 17:33:54,0.923,0,4.96,0
2025-03-01 17:33:55,0.928,0,4.78,0
2025-03-01 17:33:56,0.928,0,4.78,0